id,simple_id,quiz_id,question,correct_answer,options,order_number,created_at,updated_at
0107dcd3-7554-49f5-9ea7-426592e1c64d,QQ005,76e24e67-5895-446e-b125-ae9aecf67155,国家 үгийн зөв уншлагыг сонгоно уу:,こっか,"[""こっか"",""はな"",""みち"",""かた""]",5,2025-03-24 02:24:14.924815+00,2025-03-24 02:24:14.924815+00
017651f9-9533-4322-b9f4-d7aacea67d6f,QQ008,b4c40f03-98e8-4be1-9a28-8b5d26cdb7bb,恋する (こいする) гэдэг үгийн утгыг сонгоно уу:,Дурлах,"[""Дурлах"",""Буруу хариулт 3"",""Буруу хариулт 2"",""Буруу хариулт 1""]",8,2025-03-24 02:24:14.924815+00,2025-03-24 02:24:14.924815+00
0223a01b-eff0-4dd9-b778-8a416641624a,QQ003,3ef10029-79d1-4a70-aa63-5db51093d756,機種 үгийн зөв уншлагыг сонгоно уу:,きしゅ,"[""みち"",""はな"",""きしゅ"",""かた""]",3,2025-03-24 02:24:14.924815+00,2025-03-24 02:24:14.924815+00
03b334b1-979c-47eb-b597-d79e8f39e218,QQ002,42db9fb9-3fc8-4ffd-a16f-7e388161bc6b,余暇 (よか) гэдэг үгийн утгыг сонгоно уу:,Чөлөөт цаг,"[""Чөлөөт цаг"",""Буруу хариулт 3"",""Буруу хариулт 1"",""Буруу хариулт 2""]",2,2025-03-24 02:24:14.924815+00,2025-03-24 02:24:14.924815+00
056b5afc-a2f3-46ef-a483-95a77728934f,QQ007,f758ff3a-4ce2-4c62-8a63-f762f509a2ee,めくる үгийн зөв уншлагыг сонгоно уу:,めくる,"[""めくる"",""はな"",""かた"",""みち""]",7,2025-03-24 02:24:14.924815+00,2025-03-24 02:24:14.924815+00
059a9109-f255-4907-a19d-45b19d8fd423,QQ009,102ba681-5927-4562-8748-c1248cb8c596,差し引く (さしひく) гэдэг үгийн утгыг сонгоно уу:,Хасах,"[""Буруу хариулт 3"",""Буруу хариулт 1"",""Хасах"",""Буруу хариулт 2""]",9,2025-03-24 02:24:14.924815+00,2025-03-24 02:24:14.924815+00
05e724b9-29db-4e1d-9c0b-f6c07f4e2fcf,QQ004,3ef10029-79d1-4a70-aa63-5db51093d756,創立＜する＞ үгийн зөв уншлагыг сонгоно уу:,そうりつ＜する＞,"[""はな"",""みち"",""そうりつ＜する＞"",""かた""]",4,2025-03-24 02:24:14.924815+00,2025-03-24 02:24:14.924815+00
06f1cd25-2886-4b24-a49f-600285577fd8,QQ001,3662b6a0-83cd-4d8a-87c5-71845409ff63,公的な үгийн зөв уншлагыг сонгоно уу:,こうてきな,"[""かた"",""みち"",""こうてきな"",""はな""]",1,2025-03-24 02:24:14.924815+00,2025-03-24 02:24:14.924815+00
0758bed1-e23b-4580-b43f-2a18e857c8d7,QQ005,3ef10029-79d1-4a70-aa63-5db51093d756,出題＜する＞ үгийн зөв уншлагыг сонгоно уу:,しゅつだい＜する＞,"[""はな"",""しゅつだい＜する＞"",""みち"",""かた""]",5,2025-03-24 02:24:14.924815+00,2025-03-24 02:24:14.924815+00
09288d5c-37b8-4434-b0e5-42167d82aa8f,QQ010,5833f0cd-4f15-4de4-a2ed-184e462ce481,沿線 (えんせん) гэдэг үгийн утгыг сонгоно уу:,Маршрутын дагуу,"[""Маршрутын дагуу"",""Буруу хариулт 3"",""Буруу хариулт 1"",""Буруу хариулт 2""]",10,2025-03-24 02:24:14.924815+00,2025-03-24 02:24:14.924815+00
095b8ff2-131d-4158-8d02-b46680267502,QQ010,98c8b668-1855-4657-b50a-abe3b0cefda0,まとまる (まとまる) гэдэг үгийн утгыг сонгоно уу:,Нэгдчих,"[""Буруу хариулт 3"",""Буруу хариулт 1"",""Буруу хариулт 2"",""Нэгдчих""]",10,2025-03-24 02:24:14.924815+00,2025-03-24 02:24:14.924815+00
0a1e64bb-8af9-415e-88ba-a36f3fe021c1,QQ003,d1a8f6d8-a5ee-460c-b0eb-109c37e8af4c,てきぱき[と]＜する＞ (てきぱき) гэдэг үгийн утгыг сонгоно уу:,"Хурдан, товчхон","[""Буруу хариулт 1"",""Буруу хариулт 2"",""Буруу хариулт 3"",""Хурдан, товчхон""]",3,2025-03-24 02:24:14.924815+00,2025-03-24 02:24:14.924815+00
0b24541c-a689-4895-9af7-d567db0c7e82,QQ010,7e67ec97-0a33-44de-bfbd-76e4de4e1cc3,甘い (あまい) гэдэг үгийн утгыг сонгоно уу:,①Амттай ②Эрхлүүлэх ③Гэнэн,"[""Буруу хариулт 1"",""Буруу хариулт 2"",""Буруу хариулт 3"",""①Амттай ②Эрхлүүлэх ③Гэнэн""]",10,2025-03-24 02:24:14.924815+00,2025-03-24 02:24:14.924815+00
0ba27ea0-da04-40c2-955d-e6f676dc0ee1,QQ005,80308881-fc72-435a-90e7-969997aca57a,出題＜する＞ (しゅつだい＜する＞) гэдэг үгийн утгыг сонгоно уу:,Асуулт тавих,"[""Буруу хариулт 2"",""Буруу хариулт 1"",""Асуулт тавих"",""Буруу хариулт 3""]",5,2025-03-24 02:24:14.924815+00,2025-03-24 02:24:14.924815+00
0bb7eb65-5f1a-4f36-80c2-5ef8f30c8d1d,QQ002,6202e67c-92af-4d29-b994-a06e81a1aba4,慎む үгийн зөв уншлагыг сонгоно уу:,つつしむ,"[""かた"",""はな"",""つつしむ"",""みち""]",2,2025-03-24 02:24:14.924815+00,2025-03-24 02:24:14.924815+00
0d074238-8f40-4b0a-b671-66f17574d714,QQ007,27618a6d-add1-4b6d-a3f7-ba87eb01256e,編む үгийн зөв уншлагыг сонгоно уу:,あむ,"[""あむ"",""はな"",""かた"",""みち""]",7,2025-03-24 02:24:14.924815+00,2025-03-24 02:24:14.924815+00
0e4e1120-f3ff-4798-84de-315786a798b8,QQ002,5833f0cd-4f15-4de4-a2ed-184e462ce481,産出＜する＞ (さんしゅつ＜する＞) гэдэг үгийн утгыг сонгоно уу:,Үйлдвэрлэх,"[""Буруу хариулт 2"",""Үйлдвэрлэх"",""Буруу хариулт 1"",""Буруу хариулт 3""]",2,2025-03-24 02:24:14.924815+00,2025-03-24 02:24:14.924815+00
0e76ed81-a0bc-4eb3-a1fb-2660da00046d,QQ002,d1a8f6d8-a5ee-460c-b0eb-109c37e8af4c,外観 (がいかん) гэдэг үгийн утгыг сонгоно уу:,Гадаад төрх,"[""Гадаад төрх"",""Буруу хариулт 1"",""Буруу хариулт 3"",""Буруу хариулт 2""]",2,2025-03-24 02:24:14.924815+00,2025-03-24 02:24:14.924815+00
10a1fea9-72ea-4a81-a896-b9ad3b33b46b,QQ006,96eba5b0-5839-41b5-a635-c5f15e5678af,縁 үгийн зөв уншлагыг сонгоно уу:,えん,"[""はな"",""えん"",""かた"",""みち""]",6,2025-03-24 02:24:14.924815+00,2025-03-24 02:24:14.924815+00
10b8b364-9b17-44c3-b9f7-7ae0e9c42e40,QQ004,23ebd392-a7da-4a8e-a264-65313e45190a,発作 (ほっさ) гэдэг үгийн утгыг сонгоно уу:,Таталт,"[""Таталт"",""Буруу хариулт 3"",""Буруу хариулт 1"",""Буруу хариулт 2""]",4,2025-03-24 02:24:14.924815+00,2025-03-24 02:24:14.924815+00
12223109-5761-49a2-b1f5-5f1d76599729,QQ009,3c24c999-d031-4872-a2a7-37d46f7574b6,じっとり[と]＜する＞ (じっとり) гэдэг үгийн утгыг сонгоно уу:,Чийгтэйгээр,"[""Буруу хариулт 1"",""Чийгтэйгээр"",""Буруу хариулт 3"",""Буруу хариулт 2""]",9,2025-03-24 02:24:14.924815+00,2025-03-24 02:24:14.924815+00
124953d9-bd53-45ac-9431-fb1f5ba1ed0d,QQ010,b4c40f03-98e8-4be1-9a28-8b5d26cdb7bb,気が置けない (きがおけない) гэдэг үгийн утгыг сонгоно уу:,"Тайван, санаа амар","[""Тайван, санаа амар"",""Буруу хариулт 1"",""Буруу хариулт 2"",""Буруу хариулт 3""]",10,2025-03-24 02:24:14.924815+00,2025-03-24 02:24:14.924815+00
1422fe89-15fb-4847-97a6-389bbc430f46,QQ001,42db9fb9-3fc8-4ffd-a16f-7e388161bc6b,警報 (けいほう) гэдэг үгийн утгыг сонгоно уу:,Сэрэмжлүүлэг,"[""Буруу хариулт 2"",""Буруу хариулт 1"",""Сэрэмжлүүлэг"",""Буруу хариулт 3""]",1,2025-03-24 02:24:14.924815+00,2025-03-24 02:24:14.924815+00
14897b15-3ed7-4e4f-98d5-00872a09e5b4,QQ010,23ebd392-a7da-4a8e-a264-65313e45190a,がっしり[と]＜する＞ (がっしり) гэдэг үгийн утгыг сонгоно уу:,Бат бөх,"[""Бат бөх"",""Буруу хариулт 1"",""Буруу хариулт 2"",""Буруу хариулт 3""]",10,2025-03-24 02:24:14.924815+00,2025-03-24 02:24:14.924815+00
15338ea1-3a4a-4837-b1a6-45415f4eb88e,QQ003,aa20f3c4-079b-40ba-b7a6-6bc2b05ab5d2,てきぱき[と]＜する＞ үгийн зөв уншлагыг сонгоно уу:,てきぱき,"[""はな"",""かた"",""みち"",""てきぱき""]",3,2025-03-24 02:24:14.924815+00,2025-03-24 02:24:14.924815+00
15d70ad2-d8af-477d-8c91-ef0e496b48c7,QQ001,3ef10029-79d1-4a70-aa63-5db51093d756,勤勉＜な＞ үгийн зөв уншлагыг сонгоно уу:,きんべん＜な＞,"[""みち"",""きんべん＜な＞"",""はな"",""かた""]",1,2025-03-24 02:24:14.924815+00,2025-03-24 02:24:14.924815+00
164b4585-9b05-4b6a-896c-d295fa152ac7,QQ001,e9c4eb36-9e51-4fbf-b390-adc341902d84,肺炎 үгийн зөв уншлагыг сонгоно уу:,はいえん,"[""かた"",""はいえん"",""みち"",""はな""]",1,2025-03-24 02:24:14.924815+00,2025-03-24 02:24:14.924815+00
177f6d33-c038-414a-afe7-fc4a65013de5,QQ005,98c8b668-1855-4657-b50a-abe3b0cefda0,手芸 (しゅげい) гэдэг үгийн утгыг сонгоно уу:,Гар урлал,"[""Буруу хариулт 3"",""Буруу хариулт 1"",""Буруу хариулт 2"",""Гар урлал""]",5,2025-03-24 02:24:14.924815+00,2025-03-24 02:24:14.924815+00
181359fc-d49d-4ce7-a4bc-9d7c2ff7fb73,QQ008,06e41485-5ce7-4849-b7c5-a44e7b03f363,はかどる (はかどる) гэдэг үгийн утгыг сонгоно уу:,Амжилттай явчих,"[""Амжилттай явчих"",""Буруу хариулт 2"",""Буруу хариулт 3"",""Буруу хариулт 1""]",8,2025-03-24 02:24:14.924815+00,2025-03-24 02:24:14.924815+00
18ba94f6-faad-422e-95cb-cc52f8a27444,QQ005,aa20f3c4-079b-40ba-b7a6-6bc2b05ab5d2,くつろぐ үгийн зөв уншлагыг сонгоно уу:,くつろぐ,"[""はな"",""かた"",""みち"",""くつろぐ""]",5,2025-03-24 02:24:14.924815+00,2025-03-24 02:24:14.924815+00
1ab4ffa8-0c91-43ab-9e4a-91d08deb76cf,QQ010,93c94fab-0a01-4944-b3ae-4a8b2474bbe1,みずみずしい (みずみずしい) гэдэг үгийн утгыг сонгоно уу:,Шинэхэн,"[""Буруу хариулт 3"",""Буруу хариулт 2"",""Шинэхэн"",""Буруу хариулт 1""]",10,2025-03-24 02:24:14.924815+00,2025-03-24 02:24:14.924815+00
1c20289e-6169-4956-80b1-f666ca2cc302,QQ007,5833f0cd-4f15-4de4-a2ed-184e462ce481,住人 (じゅうにん) гэдэг үгийн утгыг сонгоно уу:,Оршин суугч,"[""Буруу хариулт 3"",""Буруу хариулт 2"",""Буруу хариулт 1"",""Оршин суугч""]",7,2025-03-24 02:24:14.924815+00,2025-03-24 02:24:14.924815+00
1c36acf4-d146-4bc7-ae47-4f6c5a631b10,QQ008,c7bbaf55-6398-42a2-b5d8-4c15d95767ae,身振り手振り (みぶりてぶり) гэдэг үгийн утгыг сонгоно уу:,Доог зангаа,"[""Доог зангаа"",""Буруу хариулт 3"",""Буруу хариулт 1"",""Буруу хариулт 2""]",8,2025-03-24 02:24:14.924815+00,2025-03-24 02:24:14.924815+00
1d4701d7-6903-467c-9dab-6cf38d3a9493,QQ010,42db9fb9-3fc8-4ffd-a16f-7e388161bc6b,暴風雨 (ぼうふうう) гэдэг үгийн утгыг сонгоно уу:,Хүчтэй бороо ба салхи,"[""Буруу хариулт 1"",""Буруу хариулт 3"",""Буруу хариулт 2"",""Хүчтэй бороо ба салхи""]",10,2025-03-24 02:24:14.924815+00,2025-03-24 02:24:14.924815+00
1f0800f2-a04a-4dd2-81b8-9a87a80e27e6,QQ001,76e24e67-5895-446e-b125-ae9aecf67155,紛争 үгийн зөв уншлагыг сонгоно уу:,ふんそう,"[""ふんそう"",""みち"",""かた"",""はな""]",1,2025-03-24 02:24:14.924815+00,2025-03-24 02:24:14.924815+00
1fbc49cd-de68-4dcf-b43b-eca47ab2ee84,QQ010,c7bbaf55-6398-42a2-b5d8-4c15d95767ae,穴場 (あなば) гэдэг үгийн утгыг сонгоно уу:,Нуугдмал газар,"[""Буруу хариулт 2"",""Нуугдмал газар"",""Буруу хариулт 3"",""Буруу хариулт 1""]",10,2025-03-24 02:24:14.924815+00,2025-03-24 02:24:14.924815+00
22195809-52f3-44d6-920a-5589d043d0e5,QQ003,3662b6a0-83cd-4d8a-87c5-71845409ff63,路線 үгийн зөв уншлагыг сонгоно уу:,ろせん,"[""みち"",""かた"",""はな"",""ろせん""]",3,2025-03-24 02:24:14.924815+00,2025-03-24 02:24:14.924815+00
25c9031a-4206-443e-8305-1dfe72a0786e,QQ007,6202e67c-92af-4d29-b994-a06e81a1aba4,弊社 үгийн зөв уншлагыг сонгоно уу:,へいしゃ,"[""へいしゃ"",""かた"",""はな"",""みち""]",7,2025-03-24 02:24:14.924815+00,2025-03-24 02:24:14.924815+00
2600de23-5eb4-4b9f-a631-8f3bcd887499,QQ004,27618a6d-add1-4b6d-a3f7-ba87eb01256e,フォーマルな үгийн зөв уншлагыг сонгоно уу:,ふぉーまるな,"[""かた"",""ふぉーまるな"",""みち"",""はな""]",4,2025-03-24 02:24:14.924815+00,2025-03-24 02:24:14.924815+00
2649ad3c-c1e5-4297-b5a2-9d2bae4a1f51,QQ002,ffb34e2e-66b4-4018-b241-b0ba13d8c750,爽快な үгийн зөв уншлагыг сонгоно уу:,そうかいな,"[""そうかいな"",""かた"",""はな"",""みち""]",2,2025-03-24 02:24:14.924815+00,2025-03-24 02:24:14.924815+00
26a0782d-fe76-4d46-bf46-dd5157b62d66,QQ010,102ba681-5927-4562-8748-c1248cb8c596,四六時中 (しろくじちゅう) гэдэг үгийн утгыг сонгоно уу:,"Өдөр шөнөгүй, байнга","[""Өдөр шөнөгүй, байнга"",""Буруу хариулт 1"",""Буруу хариулт 3"",""Буруу хариулт 2""]",10,2025-03-24 02:24:14.924815+00,2025-03-24 02:24:14.924815+00
286da15e-2704-43db-a162-b256f2f247b3,QQ008,98c8b668-1855-4657-b50a-abe3b0cefda0,上演＜する＞ (じょうえん＜する＞) гэдэг үгийн утгыг сонгоно уу:,Тоглочих,"[""Буруу хариулт 2"",""Буруу хариулт 1"",""Буруу хариулт 3"",""Тоглочих""]",8,2025-03-24 02:24:14.924815+00,2025-03-24 02:24:14.924815+00
291599a5-db20-4e59-996a-abd557d892d1,QQ005,102ba681-5927-4562-8748-c1248cb8c596,味覚 (みかく) гэдэг үгийн утгыг сонгоно уу:,Амтлах мэдрэмж,"[""Амтлах мэдрэмж"",""Буруу хариулт 3"",""Буруу хариулт 1"",""Буруу хариулт 2""]",5,2025-03-24 02:24:14.924815+00,2025-03-24 02:24:14.924815+00
291aabf8-69b8-4970-b701-85fb33594e77,QQ007,7e67ec97-0a33-44de-bfbd-76e4de4e1cc3,頭が上がらない (あたまがあがらない) гэдэг үгийн утгыг сонгоно уу:,Толгой өргөж чадахгүй,"[""Толгой өргөж чадахгүй"",""Буруу хариулт 3"",""Буруу хариулт 2"",""Буруу хариулт 1""]",7,2025-03-24 02:24:14.924815+00,2025-03-24 02:24:14.924815+00
29fc6bba-cf18-48af-8f4f-5c0a3033d66d,QQ010,c962ec76-43d5-4414-9437-60bf295c12e9,甘い үгийн зөв уншлагыг сонгоно уу:,あまい,"[""みち"",""はな"",""あまい"",""かた""]",10,2025-03-24 02:24:14.924815+00,2025-03-24 02:24:14.924815+00
2a93f4b8-92da-4a5f-815f-2fce8259696f,QQ006,06e41485-5ce7-4849-b7c5-a44e7b03f363,キャリア (きゃりあ) гэдэг үгийн утгыг сонгоно уу:,Мэргэжил,"[""Мэргэжил"",""Буруу хариулт 1"",""Буруу хариулт 2"",""Буруу хариулт 3""]",6,2025-03-24 02:24:14.924815+00,2025-03-24 02:24:14.924815+00
2add35cc-5267-49d9-ac07-0582d630cbf5,QQ010,76e24e67-5895-446e-b125-ae9aecf67155,穴場 үгийн зөв уншлагыг сонгоно уу:,あなば,"[""はな"",""かた"",""あなば"",""みち""]",10,2025-03-24 02:24:14.924815+00,2025-03-24 02:24:14.924815+00
2c480c6f-1976-4bba-b0bb-d210ddff90e9,QQ004,06e41485-5ce7-4849-b7c5-a44e7b03f363,有望な (ゆうぼうな) гэдэг үгийн утгыг сонгоно уу:,Ирээдүйтэй,"[""Буруу хариулт 2"",""Буруу хариулт 3"",""Буруу хариулт 1"",""Ирээдүйтэй""]",4,2025-03-24 02:24:14.924815+00,2025-03-24 02:24:14.924815+00
2cb5d557-bc77-48e1-bff4-d3e14dd1aefc,QQ002,96eba5b0-5839-41b5-a635-c5f15e5678af,対人関係 үгийн зөв уншлагыг сонгоно уу:,たいじんかんけい,"[""たいじんかんけい"",""みち"",""かた"",""はな""]",2,2025-03-24 02:24:14.924815+00,2025-03-24 02:24:14.924815+00
2e42df7c-284a-4bb1-bbf3-16cdcc76c730,QQ010,27618a6d-add1-4b6d-a3f7-ba87eb01256e,まとまる үгийн зөв уншлагыг сонгоно уу:,まとまる,"[""はな"",""みち"",""まとまる"",""かた""]",10,2025-03-24 02:24:14.924815+00,2025-03-24 02:24:14.924815+00
3070f1a6-9cd5-4226-a358-4794cc3cbc2d,QQ005,27618a6d-add1-4b6d-a3f7-ba87eb01256e,手芸 үгийн зөв уншлагыг сонгоно уу:,しゅげい,"[""みち"",""しゅげい"",""はな"",""かた""]",5,2025-03-24 02:24:14.924815+00,2025-03-24 02:24:14.924815+00
31434665-0b88-490d-a029-62f5dd958051,QQ008,102ba681-5927-4562-8748-c1248cb8c596,甘口＜な＞ (あまくち＜な＞) гэдэг үгийн утгыг сонгоно уу:,"Амттай, чихэрлэг","[""Буруу хариулт 3"",""Буруу хариулт 1"",""Амттай, чихэрлэг"",""Буруу хариулт 2""]",8,2025-03-24 02:24:14.924815+00,2025-03-24 02:24:14.924815+00
33284f76-83f1-4587-81b4-081d11ad1a7a,QQ004,a34b22ea-597b-46ef-9e50-e60d161a063b,治安 үгийн зөв уншлагыг сонгоно уу:,ちあん,"[""ちあん"",""みち"",""かた"",""はな""]",4,2025-03-24 02:24:14.924815+00,2025-03-24 02:24:14.924815+00
33592c37-8c9f-45fd-8d0f-96acf19ee324,QQ009,96eba5b0-5839-41b5-a635-c5f15e5678af,一見 үгийн зөв уншлагыг сонгоно уу:,いっけん,"[""みち"",""はな"",""かた"",""いっけん""]",9,2025-03-24 02:24:14.924815+00,2025-03-24 02:24:14.924815+00
346db079-a0f4-4105-bba9-7bbe77a37288,QQ002,06e41485-5ce7-4849-b7c5-a44e7b03f363,慎む (つつしむ) гэдэг үгийн утгыг сонгоно уу:,Болгоомжлох/Хязгаарлах,"[""Буруу хариулт 2"",""Болгоомжлох/Хязгаарлах"",""Буруу хариулт 1"",""Буруу хариулт 3""]",2,2025-03-24 02:24:14.924815+00,2025-03-24 02:24:14.924815+00
34bc1fa5-627a-4937-b019-cd5f8e171e28,QQ005,7e67ec97-0a33-44de-bfbd-76e4de4e1cc3,頭が切れる (あたまがきれる) гэдэг үгийн утгыг сонгоно уу:,Хурц ухаантай,"[""Буруу хариулт 1"",""Буруу хариулт 2"",""Хурц ухаантай"",""Буруу хариулт 3""]",5,2025-03-24 02:24:14.924815+00,2025-03-24 02:24:14.924815+00
34d046ec-0c3d-4da4-b711-fe5c60f29525,QQ004,3c24c999-d031-4872-a2a7-37d46f7574b6,くすくす (くすくす) гэдэг үгийн утгыг сонгоно уу:,Хихих,"[""Хихих"",""Буруу хариулт 2"",""Буруу хариулт 3"",""Буруу хариулт 1""]",4,2025-03-24 02:24:14.924815+00,2025-03-24 02:24:14.924815+00
3555cf89-653c-4e9f-af3a-c5b3f598e6ca,QQ001,06e41485-5ce7-4849-b7c5-a44e7b03f363,日系企業 (にっけいきぎょう) гэдэг үгийн утгыг сонгоно уу:,Японы холбоотой компани,"[""Буруу хариулт 2"",""Буруу хариулт 1"",""Японы холбоотой компани"",""Буруу хариулт 3""]",1,2025-03-24 02:24:14.924815+00,2025-03-24 02:24:14.924815+00
362d3949-f23e-4aee-a8fd-e53f9a65a0f3,QQ002,98c8b668-1855-4657-b50a-abe3b0cefda0,公開＜する＞ (こうかい＜する＞) гэдэг үгийн утгыг сонгоно уу:,Нээлттэй болгох,"[""Нээлттэй болгох"",""Буруу хариулт 1"",""Буруу хариулт 2"",""Буруу хариулт 3""]",2,2025-03-24 02:24:14.924815+00,2025-03-24 02:24:14.924815+00
3764e28d-335f-40c8-b659-b5f0f9b6de0a,QQ005,675a0d1a-bd01-40e3-a952-1b4a4ecbe6fd,いささか үгийн зөв уншлагыг сонгоно уу:,いささか,"[""はな"",""いささか"",""みち"",""かた""]",5,2025-03-24 02:24:14.924815+00,2025-03-24 02:24:14.924815+00
376515ee-ac7c-4f86-bb13-c875713159a2,QQ007,06e41485-5ce7-4849-b7c5-a44e7b03f363,弊社 (へいしゃ) гэдэг үгийн утгыг сонгоно уу:,Манай компани,"[""Манай компани"",""Буруу хариулт 3"",""Буруу хариулт 1"",""Буруу хариулт 2""]",7,2025-03-24 02:24:14.924815+00,2025-03-24 02:24:14.924815+00
38104f40-22a3-4150-9f41-9fcedb6cec56,QQ008,a34b22ea-597b-46ef-9e50-e60d161a063b,不審＜な＞ үгийн зөв уншлагыг сонгоно уу:,ふしん＜な＞,"[""みち"",""ふしん＜な＞"",""かた"",""はな""]",8,2025-03-24 02:24:14.924815+00,2025-03-24 02:24:14.924815+00
394182a7-0b92-4d34-928a-45dafb538014,QQ005,3c24c999-d031-4872-a2a7-37d46f7574b6,いささか (いささか) гэдэг үгийн утгыг сонгоно уу:,Бага зэрэг,"[""Бага зэрэг"",""Буруу хариулт 1"",""Буруу хариулт 3"",""Буруу хариулт 2""]",5,2025-03-24 02:24:14.924815+00,2025-03-24 02:24:14.924815+00
3bdac1c6-159b-4ccc-a100-adedf8e0541e,QQ006,c962ec76-43d5-4414-9437-60bf295c12e9,息が切れる үгийн зөв уншлагыг сонгоно уу:,いきがきれる,"[""いきがきれる"",""みち"",""はな"",""かた""]",6,2025-03-24 02:24:14.924815+00,2025-03-24 02:24:14.924815+00
3d219c44-bffa-4eb1-83bf-8b5c7b555993,QQ006,e9c4eb36-9e51-4fbf-b390-adc341902d84,全身 үгийн зөв уншлагыг сонгоно уу:,ぜんしん,"[""ぜんしん"",""はな"",""みち"",""かた""]",6,2025-03-24 02:24:14.924815+00,2025-03-24 02:24:14.924815+00
3dbe5c13-e77a-433f-ba64-9af01a80ecd8,QQ005,8961678e-47b3-431c-92b1-dcf7d98f0586,衝突＜する＞ (しょうとつ＜する＞) гэдэг үгийн утгыг сонгоно уу:,Мөргөлдчих,"[""Буруу хариулт 1"",""Мөргөлдчих"",""Буруу хариулт 2"",""Буруу хариулт 3""]",5,2025-03-24 02:24:14.924815+00,2025-03-24 02:24:14.924815+00
3e6bc527-dcb7-40e0-b5ff-1de0e51ab79a,QQ006,98c8b668-1855-4657-b50a-abe3b0cefda0,ベストセラー (べすとせらー) гэдэг үгийн утгыг сонгоно уу:,Хамгийн их борлуулалттай,"[""Буруу хариулт 1"",""Буруу хариулт 2"",""Буруу хариулт 3"",""Хамгийн их борлуулалттай""]",6,2025-03-24 02:24:14.924815+00,2025-03-24 02:24:14.924815+00
3e709eb2-853f-4612-b714-cdc7a4357af9,QQ003,42db9fb9-3fc8-4ffd-a16f-7e388161bc6b,果てしない (はてしない) гэдэг үгийн утгыг сонгоно уу:,Хязгааргүй,"[""Хязгааргүй"",""Буруу хариулт 1"",""Буруу хариулт 3"",""Буруу хариулт 2""]",3,2025-03-24 02:24:14.924815+00,2025-03-24 02:24:14.924815+00
3ef311cb-1ae5-45b4-8674-62992323acbb,QQ005,96eba5b0-5839-41b5-a635-c5f15e5678af,かけがえのない үгийн зөв уншлагыг сонгоно уу:,,"[""みち"",""かた"","""",""はな""]",5,2025-03-24 02:24:14.924815+00,2025-03-24 02:24:14.924815+00
3f574a6f-076f-4e85-9c67-1f6e12d09f80,QQ004,f758ff3a-4ce2-4c62-8a63-f762f509a2ee,心掛ける үгийн зөв уншлагыг сонгоно уу:,こころがける,"[""かた"",""はな"",""こころがける"",""みち""]",4,2025-03-24 02:24:14.924815+00,2025-03-24 02:24:14.924815+00
3fa297d7-07d5-403f-8387-baeaed4da844,QQ010,d1a8f6d8-a5ee-460c-b0eb-109c37e8af4c,山積み (やまづみ) гэдэг үгийн утгыг сонгоно уу:,"Хөглөрсөн, их хэмжээний","[""Буруу хариулт 2"",""Буруу хариулт 3"",""Хөглөрсөн, их хэмжээний"",""Буруу хариулт 1""]",10,2025-03-24 02:24:14.924815+00,2025-03-24 02:24:14.924815+00
3fe64cd2-ed64-49e9-ad8d-a69f7fba9b4e,QQ004,d1a8f6d8-a5ee-460c-b0eb-109c37e8af4c,物件 (ぶっけん) гэдэг үгийн утгыг сонгоно уу:,Үл хөдлөх хөрөнгө,"[""Үл хөдлөх хөрөнгө"",""Буруу хариулт 1"",""Буруу хариулт 3"",""Буруу хариулт 2""]",4,2025-03-24 02:24:14.924815+00,2025-03-24 02:24:14.924815+00
3ff63ef2-687e-4aae-91ac-516a9ab03668,QQ008,27618a6d-add1-4b6d-a3f7-ba87eb01256e,上演＜する＞ үгийн зөв уншлагыг сонгоно уу:,じょうえん＜する＞,"[""みち"",""じょうえん＜する＞"",""かた"",""はな""]",8,2025-03-24 02:24:14.924815+00,2025-03-24 02:24:14.924815+00
3ffba1f0-3ec1-4969-90b7-4b2c6c4f4757,QQ009,359b66b1-4fc9-4c9b-a8b0-b5c52b75a507,注意報 үгийн зөв уншлагыг сонгоно уу:,ちゅういほう,"[""ちゅういほう"",""はな"",""みち"",""かた""]",9,2025-03-24 02:24:14.924815+00,2025-03-24 02:24:14.924815+00
420f2fa9-9746-41ea-b843-ab014aa6f9cf,QQ002,aa20f3c4-079b-40ba-b7a6-6bc2b05ab5d2,外観 үгийн зөв уншлагыг сонгоно уу:,がいかん,"[""かた"",""みち"",""はな"",""がいかん""]",2,2025-03-24 02:24:14.924815+00,2025-03-24 02:24:14.924815+00
42757965-d3ce-4924-a136-36e3bfecfcff,QQ006,aa20f3c4-079b-40ba-b7a6-6bc2b05ab5d2,契機 үгийн зөв уншлагыг сонгоно уу:,けいき,"[""かた"",""はな"",""けいき"",""みち""]",6,2025-03-24 02:24:14.924815+00,2025-03-24 02:24:14.924815+00
44e8fad5-9703-47a1-ac7b-420d06373272,QQ007,aa20f3c4-079b-40ba-b7a6-6bc2b05ab5d2,設計＜する＞ үгийн зөв уншлагыг сонгоно уу:,せっけい＜する＞,"[""かた"",""はな"",""せっけい＜する＞"",""みち""]",7,2025-03-24 02:24:14.924815+00,2025-03-24 02:24:14.924815+00
46430fae-5694-44ca-8cd2-0d8d5cc88742,QQ002,675a0d1a-bd01-40e3-a952-1b4a4ecbe6fd,用品 үгийн зөв уншлагыг сонгоно уу:,ようひん,"[""ようひん"",""はな"",""かた"",""みち""]",2,2025-03-24 02:24:14.924815+00,2025-03-24 02:24:14.924815+00
46f7402c-db25-47e9-ac39-3cb958e4c6e8,QQ005,42db9fb9-3fc8-4ffd-a16f-7e388161bc6b,紫外線 (しがいせん) гэдэг үгийн утгыг сонгоно уу:,Хэт ягаан туяа,"[""Хэт ягаан туяа"",""Буруу хариулт 2"",""Буруу хариулт 1"",""Буруу хариулт 3""]",5,2025-03-24 02:24:14.924815+00,2025-03-24 02:24:14.924815+00
48f9e880-a841-4c29-806b-7a9eeca14677,QQ010,ffb34e2e-66b4-4018-b241-b0ba13d8c750,みずみずしい үгийн зөв уншлагыг сонгоно уу:,みずみずしい,"[""みち"",""はな"",""かた"",""みずみずしい""]",10,2025-03-24 02:24:14.924815+00,2025-03-24 02:24:14.924815+00
49db1644-a191-429c-8138-0748a3a6ccd9,QQ004,e9c4eb36-9e51-4fbf-b390-adc341902d84,発作 үгийн зөв уншлагыг сонгоно уу:,ほっさ,"[""はな"",""かた"",""みち"",""ほっさ""]",4,2025-03-24 02:24:14.924815+00,2025-03-24 02:24:14.924815+00
4a075a3c-292f-4aa6-97e4-a438293bf1fc,QQ008,aa20f3c4-079b-40ba-b7a6-6bc2b05ab5d2,香辛料 үгийн зөв уншлагыг сонгоно уу:,こうしんりょう,"[""こうしんりょう"",""はな"",""かた"",""みち""]",8,2025-03-24 02:24:14.924815+00,2025-03-24 02:24:14.924815+00
4a3cd4ee-8a29-42d0-a732-01fe02d176fc,QQ004,5833f0cd-4f15-4de4-a2ed-184e462ce481,街並み (まちなみ) гэдэг үгийн утгыг сонгоно уу:,Гудамжны үзэмж,"[""Буруу хариулт 2"",""Буруу хариулт 3"",""Буруу хариулт 1"",""Гудамжны үзэмж""]",4,2025-03-24 02:24:14.924815+00,2025-03-24 02:24:14.924815+00
4b0102df-de2d-4cc6-b97a-e4ed14dd6759,QQ009,b4c40f03-98e8-4be1-9a28-8b5d26cdb7bb,一見 (いっけん) гэдэг үгийн утгыг сонгоно уу:,"Хальт харах, түр зуур харах","[""Буруу хариулт 3"",""Буруу хариулт 1"",""Хальт харах, түр зуур харах"",""Буруу хариулт 2""]",9,2025-03-24 02:24:14.924815+00,2025-03-24 02:24:14.924815+00
4b41d16b-b6e3-4bb6-9fe5-7e0e73230601,QQ007,d1a8f6d8-a5ee-460c-b0eb-109c37e8af4c,設計＜する＞ (せっけい＜する＞) гэдэг үгийн утгыг сонгоно уу:,"Төлөвлөх, зохион байгуулах","[""Буруу хариулт 3"",""Төлөвлөх, зохион байгуулах"",""Буруу хариулт 2"",""Буруу хариулт 1""]",7,2025-03-24 02:24:14.924815+00,2025-03-24 02:24:14.924815+00
4b4a8fa3-cbb6-4fba-9d2b-57654bf4d13e,QQ005,311c5af9-91bd-4ac1-9c9f-70355d25f963,お袋 (おふくろ) гэдэг үгийн утгыг сонгоно уу:,Ээж,"[""Ээж"",""Эгч"",""Дүү"",""Эмээ""]",5,2025-03-24 01:40:12.777748+00,2025-03-24 01:40:12.777748+00
4b94d27b-4d64-48c3-bcb3-6f429f9abf85,QQ010,3662b6a0-83cd-4d8a-87c5-71845409ff63,沿線 үгийн зөв уншлагыг сонгоно уу:,えんせん,"[""かた"",""はな"",""えんせん"",""みち""]",10,2025-03-24 02:24:14.924815+00,2025-03-24 02:24:14.924815+00
4c0fe2ae-1541-4deb-8810-d10ab6794c4a,QQ009,42db9fb9-3fc8-4ffd-a16f-7e388161bc6b,注意報 (ちゅういほう) гэдэг үгийн утгыг сонгоно уу:,Анхааруулга,"[""Буруу хариулт 1"",""Буруу хариулт 2"",""Буруу хариулт 3"",""Анхааруулга""]",9,2025-03-24 02:24:14.924815+00,2025-03-24 02:24:14.924815+00
4d26a5d0-e806-4905-87b6-955a1394f9cb,QQ003,93c94fab-0a01-4944-b3ae-4a8b2474bbe1,大らかな (おおらかな) гэдэг үгийн утгыг сонгоно уу:,Өгөөмөр,"[""Буруу хариулт 2"",""Буруу хариулт 1"",""Өгөөмөр"",""Буруу хариулт 3""]",3,2025-03-24 02:24:14.924815+00,2025-03-24 02:24:14.924815+00
4db0f886-3f84-4a03-8760-6352e107158a,QQ004,98c8b668-1855-4657-b50a-abe3b0cefda0,フォーマルな (ふぉーまるな) гэдэг үгийн утгыг сонгоно уу:,Албан ёсны,"[""Буруу хариулт 2"",""Буруу хариулт 1"",""Буруу хариулт 3"",""Албан ёсны""]",4,2025-03-24 02:24:14.924815+00,2025-03-24 02:24:14.924815+00
4e13c0a3-909e-4e97-a4df-3507e1eb2d84,QQ001,102ba681-5927-4562-8748-c1248cb8c596,家計 (かけい) гэдэг үгийн утгыг сонгоно уу:,Гэр бүлийн санхүү,"[""Буруу хариулт 1"",""Гэр бүлийн санхүү"",""Буруу хариулт 3"",""Буруу хариулт 2""]",1,2025-03-24 02:24:14.924815+00,2025-03-24 02:24:14.924815+00
4ecf3006-b369-4490-b127-1a9177c5c561,QQ007,359b66b1-4fc9-4c9b-a8b0-b5c52b75a507,限りない үгийн зөв уншлагыг сонгоно уу:,かぎりない,"[""はな"",""かた"",""かぎりない"",""みち""]",7,2025-03-24 02:24:14.924815+00,2025-03-24 02:24:14.924815+00
4f4f2155-4318-4057-ac6d-f78a4a8dbd31,QQ006,359b66b1-4fc9-4c9b-a8b0-b5c52b75a507,盛大な үгийн зөв уншлагыг сонгоно уу:,せいだいな,"[""みち"",""せいだいな"",""かた"",""はな""]",6,2025-03-24 02:24:14.924815+00,2025-03-24 02:24:14.924815+00
4f87968c-77b8-46ef-90d9-d523e95aff34,QQ008,5833f0cd-4f15-4de4-a2ed-184e462ce481,公用 (こうよう) гэдэг үгийн утгыг сонгоно уу:,Олон нийтийн хэрэглээ,"[""Буруу хариулт 2"",""Буруу хариулт 3"",""Буруу хариулт 1"",""Олон нийтийн хэрэглээ""]",8,2025-03-24 02:24:14.924815+00,2025-03-24 02:24:14.924815+00
5283995a-fbfe-4099-a3c4-9b4e54c19ae6,QQ006,93c94fab-0a01-4944-b3ae-4a8b2474bbe1,朗らかな (ほからかな) гэдэг үгийн утгыг сонгоно уу:,Гэрэлтэй,"[""Буруу хариулт 3"",""Буруу хариулт 2"",""Буруу хариулт 1"",""Гэрэлтэй""]",6,2025-03-24 02:24:14.924815+00,2025-03-24 02:24:14.924815+00
5324e73b-7083-4f7d-880d-9e416f523618,QQ003,76e24e67-5895-446e-b125-ae9aecf67155,紛争 үгийн зөв уншлагыг сонгоно уу:,ふんそう,"[""はな"",""みち"",""かた"",""ふんそう""]",3,2025-03-24 02:24:14.924815+00,2025-03-24 02:24:14.924815+00
53af330f-d566-4755-b8b2-61167e833ea5,QQ005,c962ec76-43d5-4414-9437-60bf295c12e9,頭が切れる үгийн зөв уншлагыг сонгоно уу:,あたまがきれる,"[""かた"",""みち"",""はな"",""あたまがきれる""]",5,2025-03-24 02:24:14.924815+00,2025-03-24 02:24:14.924815+00
53e2ab6c-b80b-4876-9220-7af76f5c8cad,QQ006,42db9fb9-3fc8-4ffd-a16f-7e388161bc6b,盛大な (せいだいな) гэдэг үгийн утгыг сонгоно уу:,Тансаг,"[""Буруу хариулт 1"",""Тансаг"",""Буруу хариулт 3"",""Буруу хариулт 2""]",6,2025-03-24 02:24:14.924815+00,2025-03-24 02:24:14.924815+00
565a6072-0ccb-40de-9b78-1ae7b98cb4ac,QQ008,6202e67c-92af-4d29-b994-a06e81a1aba4,はかどる үгийн зөв уншлагыг сонгоно уу:,はかどる,"[""みち"",""はな"",""かた"",""はかどる""]",8,2025-03-24 02:24:14.924815+00,2025-03-24 02:24:14.924815+00
58156c57-a1e7-45f6-a9dc-219306549634,QQ001,ffb34e2e-66b4-4018-b241-b0ba13d8c750,うっとうしい үгийн зөв уншлагыг сонгоно уу:,うっとうしい,"[""はな"",""みち"",""かた"",""うっとうしい""]",1,2025-03-24 02:24:14.924815+00,2025-03-24 02:24:14.924815+00
58b325d3-1fd5-4f09-aa00-0de746dff0b8,QQ010,359b66b1-4fc9-4c9b-a8b0-b5c52b75a507,暴風雨 үгийн зөв уншлагыг сонгоно уу:,ぼうふうう,"[""はな"",""かた"",""みち"",""ぼうふうう""]",10,2025-03-24 02:24:14.924815+00,2025-03-24 02:24:14.924815+00
58f5b2f4-2c35-4fcc-88e7-0c803b440570,QQ005,ffb34e2e-66b4-4018-b241-b0ba13d8c750,ポジティブな үгийн зөв уншлагыг сонгоно уу:,ぽじてぃぶな,"[""ぽじてぃぶな"",""みち"",""はな"",""かた""]",5,2025-03-24 02:24:14.924815+00,2025-03-24 02:24:14.924815+00
595e6cbb-ff37-47a8-a6ee-60ea97efe87f,QQ004,b4c40f03-98e8-4be1-9a28-8b5d26cdb7bb,異性 (いせい) гэдэг үгийн утгыг сонгоно уу:,Эсрэг хүйс,"[""Буруу хариулт 3"",""Буруу хариулт 2"",""Буруу хариулт 1"",""Эсрэг хүйс""]",4,2025-03-24 02:24:14.924815+00,2025-03-24 02:24:14.924815+00
596ad9f3-a743-42e4-94d1-77503a38d443,QQ009,80308881-fc72-435a-90e7-969997aca57a,〜周年 (～しゅうねん) гэдэг үгийн утгыг сонгоно уу:,Ойн тэмдэглэл,"[""Буруу хариулт 1"",""Ойн тэмдэглэл"",""Буруу хариулт 3"",""Буруу хариулт 2""]",9,2025-03-24 02:24:14.924815+00,2025-03-24 02:24:14.924815+00
5a0594e4-02fb-4bfe-b226-f08449fc06c8,QQ006,27618a6d-add1-4b6d-a3f7-ba87eb01256e,ベストセラー үгийн зөв уншлагыг сонгоно уу:,べすとせらー,"[""べすとせらー"",""はな"",""かた"",""みち""]",6,2025-03-24 02:24:14.924815+00,2025-03-24 02:24:14.924815+00
5a3020bc-9b41-4e7e-a98a-5a1d9c71d928,QQ003,e9c4eb36-9e51-4fbf-b390-adc341902d84,容姿 үгийн зөв уншлагыг сонгоно уу:,ようし,"[""ようし"",""かた"",""みち"",""はな""]",3,2025-03-24 02:24:14.924815+00,2025-03-24 02:24:14.924815+00
5aa5c894-bd09-4369-b99b-907a91e17a2a,QQ010,6202e67c-92af-4d29-b994-a06e81a1aba4,外資系企業 үгийн зөв уншлагыг сонгоно уу:,がいしけいきぎょう,"[""みち"",""がいしけいきぎょう"",""かた"",""はな""]",10,2025-03-24 02:24:14.924815+00,2025-03-24 02:24:14.924815+00
5bd08bcc-f4f0-40fc-bfd2-ac758b7b3eb5,QQ002,c962ec76-43d5-4414-9437-60bf295c12e9,顔から火が出る үгийн зөв уншлагыг сонгоно уу:,かおからひがでる,"[""はな"",""かおからひがでる"",""かた"",""みち""]",2,2025-03-24 02:24:14.924815+00,2025-03-24 02:24:14.924815+00
5c9791b1-8188-47e9-a039-5239f8bede6d,QQ003,b4c40f03-98e8-4be1-9a28-8b5d26cdb7bb,異性 (いせい) гэдэг үгийн утгыг сонгоно уу:,Эсрэг хүйс,"[""Буруу хариулт 1"",""Буруу хариулт 2"",""Эсрэг хүйс"",""Буруу хариулт 3""]",3,2025-03-24 02:24:14.924815+00,2025-03-24 02:24:14.924815+00
5f625a72-4867-4eeb-9c01-5d73471b3b68,QQ004,96eba5b0-5839-41b5-a635-c5f15e5678af,異性 үгийн зөв уншлагыг сонгоно уу:,いせい,"[""かた"",""はな"",""みち"",""いせい""]",4,2025-03-24 02:24:14.924815+00,2025-03-24 02:24:14.924815+00
6045714e-755a-4912-8183-e23fb930339d,QQ007,3662b6a0-83cd-4d8a-87c5-71845409ff63,住人 үгийн зөв уншлагыг сонгоно уу:,じゅうにん,"[""じゅうにん"",""みち"",""かた"",""はな""]",7,2025-03-24 02:24:14.924815+00,2025-03-24 02:24:14.924815+00
60a3a8a0-4a78-485d-945e-336793befb5c,QQ002,3ef10029-79d1-4a70-aa63-5db51093d756,志す үгийн зөв уншлагыг сонгоно уу:,こころざす,"[""かた"",""こころざす"",""はな"",""みち""]",2,2025-03-24 02:24:14.924815+00,2025-03-24 02:24:14.924815+00
60de1500-90d3-490d-8632-cb6a003977e1,QQ007,e9c4eb36-9e51-4fbf-b390-adc341902d84,気管支炎 үгийн зөв уншлагыг сонгоно уу:,きかんしえん,"[""かた"",""きかんしえん"",""はな"",""みち""]",7,2025-03-24 02:24:14.924815+00,2025-03-24 02:24:14.924815+00
61e16803-e2ee-4c39-a9d3-e06ca6c2c815,QQ010,3c24c999-d031-4872-a2a7-37d46f7574b6,げらげら (げらげら) гэдэг үгийн утгыг сонгоно уу:,Ха Ха,"[""Ха Ха"",""Буруу хариулт 2"",""Буруу хариулт 1"",""Буруу хариулт 3""]",10,2025-03-24 02:24:14.924815+00,2025-03-24 02:24:14.924815+00
627bb41f-08dd-42c4-8243-f96afccf8ba1,QQ008,23ebd392-a7da-4a8e-a264-65313e45190a,ばてる (ばてる) гэдэг үгийн утгыг сонгоно уу:,Талчих,"[""Буруу хариулт 1"",""Буруу хариулт 3"",""Талчих"",""Буруу хариулт 2""]",8,2025-03-24 02:24:14.924815+00,2025-03-24 02:24:14.924815+00
62da194b-4ab7-4c45-bb7c-b26a4d683ee9,QQ003,311c5af9-91bd-4ac1-9c9f-70355d25f963,配偶者 (はいぐうしゃ) гэдэг үгийн утгыг сонгоно уу:,"Хос, эхнэр/нөхөр","[""Хос, эхнэр/нөхөр"",""Ах дүү"",""Эцэг эх"",""Үр хүүхэд""]",3,2025-03-24 01:40:12.777748+00,2025-03-24 01:40:12.777748+00
6338f807-37f8-449f-a28b-ee99a0a77d3e,QQ006,23ebd392-a7da-4a8e-a264-65313e45190a,全身 (ぜんしん) гэдэг үгийн утгыг сонгоно уу:,Бүх бие,"[""Буруу хариулт 1"",""Буруу хариулт 2"",""Бүх бие"",""Буруу хариулт 3""]",6,2025-03-24 02:24:14.924815+00,2025-03-24 02:24:14.924815+00
64623d39-bfef-4307-9f17-c3f187d57cac,QQ009,c962ec76-43d5-4414-9437-60bf295c12e9,寝かす үгийн зөв уншлагыг сонгоно уу:,ねかす,"[""みち"",""ねかす"",""かた"",""はな""]",9,2025-03-24 02:24:14.924815+00,2025-03-24 02:24:14.924815+00
64c8b087-4a54-4a98-90f1-71583809445e,QQ004,42db9fb9-3fc8-4ffd-a16f-7e388161bc6b,豪雨 (ごうう) гэдэг үгийн утгыг сонгоно уу:,Хүчтэй бороо,"[""Хүчтэй бороо"",""Буруу хариулт 1"",""Буруу хариулт 2"",""Буруу хариулт 3""]",4,2025-03-24 02:24:14.924815+00,2025-03-24 02:24:14.924815+00
6593ae98-2a09-4d1a-9834-756c5ef0470a,QQ009,6202e67c-92af-4d29-b994-a06e81a1aba4,わきまえる үгийн зөв уншлагыг сонгоно уу:,わきмаえる,"[""わきмаえる"",""みち"",""はな"",""かた""]",9,2025-03-24 02:24:14.924815+00,2025-03-24 02:24:14.924815+00
663b727f-0258-439e-845c-2cdeb33a36f4,QQ002,3662b6a0-83cd-4d8a-87c5-71845409ff63,産出＜する＞ үгийн зөв уншлагыг сонгоно уу:,さんしゅつ＜する＞,"[""さんしゅつ＜する＞"",""かた"",""はな"",""みち""]",2,2025-03-24 02:24:14.924815+00,2025-03-24 02:24:14.924815+00
682cc272-52d4-4d5a-9873-31bcd082a483,QQ007,c962ec76-43d5-4414-9437-60bf295c12e9,頭が上がらない үгийн зөв уншлагыг сонгоно уу:,あたまがあがらない,"[""みち"",""はな"",""かた"",""あたまがあがらない""]",7,2025-03-24 02:24:14.924815+00,2025-03-24 02:24:14.924815+00
6a412bdd-dc2f-4b53-afa0-ee078ef833f3,QQ002,3c24c999-d031-4872-a2a7-37d46f7574b6,用品 (ようひん) гэдэг үгийн утгыг сонгоно уу:,Хэрэглээний зүйл,"[""Буруу хариулт 2"",""Буруу хариулт 1"",""Буруу хариулт 3"",""Хэрэглээний зүйл""]",2,2025-03-24 02:24:14.924815+00,2025-03-24 02:24:14.924815+00
6a4f4f62-43ed-4413-8976-e6e77dad3ace,QQ004,aa20f3c4-079b-40ba-b7a6-6bc2b05ab5d2,物件 үгийн зөв уншлагыг сонгоно уу:,ぶっけん,"[""はな"",""みち"",""かた"",""ぶっけん""]",4,2025-03-24 02:24:14.924815+00,2025-03-24 02:24:14.924815+00
6a71aa32-9adc-4e7a-b8f9-f5e724862b89,QQ003,675a0d1a-bd01-40e3-a952-1b4a4ecbe6fd,ふらりと үгийн зөв уншлагыг сонгоно уу:,ふらりと,"[""かた"",""みち"",""ふらりと"",""はな""]",3,2025-03-24 02:24:14.924815+00,2025-03-24 02:24:14.924815+00
6b8fac90-e57b-4418-9fe8-6607c6b67912,QQ008,76e24e67-5895-446e-b125-ae9aecf67155,身振り手振り үгийн зөв уншлагыг сонгоно уу:,みぶりてぶり,"[""みち"",""かた"",""みぶりてぶり"",""はな""]",8,2025-03-24 02:24:14.924815+00,2025-03-24 02:24:14.924815+00
6cbd530a-4352-4022-b5e7-8e408d6a94ef,QQ005,5833f0cd-4f15-4de4-a2ed-184e462ce481,郷土 (きょうど) гэдэг үгийн утгыг сонгоно уу:,Төрөлх нутаг,"[""Буруу хариулт 1"",""Төрөлх нутаг"",""Буруу хариулт 2"",""Буруу хариулт 3""]",5,2025-03-24 02:24:14.924815+00,2025-03-24 02:24:14.924815+00
6dba179b-0616-4d20-9745-9a494911feec,QQ009,3ef10029-79d1-4a70-aa63-5db51093d756,〜周年 үгийн зөв уншлагыг сонгоно уу:,～しゅうねん,"[""みち"",""かた"",""はな"",""～しゅうねん""]",9,2025-03-24 02:24:14.924815+00,2025-03-24 02:24:14.924815+00
6f534179-be54-4325-94b6-06a6ffbdd740,QQ001,98c8b668-1855-4657-b50a-abe3b0cefda0,書籍 (しょせき) гэдэг үгийн утгыг сонгоно уу:,Ном,"[""Ном"",""Буруу хариулт 3"",""Буруу хариулт 2"",""Буруу хариулт 1""]",1,2025-03-24 02:24:14.924815+00,2025-03-24 02:24:14.924815+00
6fa9f034-702f-4d74-abc0-a97fdd99c20f,QQ003,8961678e-47b3-431c-92b1-dcf7d98f0586,財政 (ざいせい) гэдэг үгийн утгыг сонгоно уу:,Санхүү,"[""Буруу хариулт 1"",""Буруу хариулт 3"",""Санхүү"",""Буруу хариулт 2""]",3,2025-03-24 02:24:14.924815+00,2025-03-24 02:24:14.924815+00
71552721-ab50-4d00-93bc-84941e0b8609,QQ001,b4c40f03-98e8-4be1-9a28-8b5d26cdb7bb,身内 (みうち) гэдэг үгийн утгыг сонгоно уу:,Хамаатан садан,"[""Буруу хариулт 2"",""Хамаатан садан"",""Буруу хариулт 3"",""Буруу хариулт 1""]",1,2025-03-24 02:24:14.924815+00,2025-03-24 02:24:14.924815+00
715eafaa-93aa-42c8-a513-50c7574aaa17,QQ001,311c5af9-91bd-4ac1-9c9f-70355d25f963,身内 (みうち) гэдэг үгийн утгыг сонгоно уу:,"Гэр бүл, хамаатан","[""Гэр бүл, хамаатан"",""Найз нөхөд"",""Танил хүмүүс"",""Хөрш""]",1,2025-03-24 01:40:12.777748+00,2025-03-24 01:40:12.777748+00
717a3922-aa16-412b-a4fe-ef9bb27dd605,QQ002,a34b22ea-597b-46ef-9e50-e60d161a063b,脅す үгийн зөв уншлагыг сонгоно уу:,おどす,"[""かた"",""はな"",""おどす"",""みち""]",2,2025-03-24 02:24:14.924815+00,2025-03-24 02:24:14.924815+00
7387ca58-3c26-4bbb-a37c-0aaebcd35739,QQ005,3662b6a0-83cd-4d8a-87c5-71845409ff63,郷土 үгийн зөв уншлагыг сонгоно уу:,きょうど,"[""かた"",""みち"",""はな"",""きょうど""]",5,2025-03-24 02:24:14.924815+00,2025-03-24 02:24:14.924815+00
73dae7a9-6657-4036-a33a-e77d9dce3b1c,QQ010,e9c4eb36-9e51-4fbf-b390-adc341902d84,がっしり[と]＜する＞ үгийн зөв уншлагыг сонгоно уу:,がっしり,"[""はな"",""かた"",""がっしり"",""みち""]",10,2025-03-24 02:24:14.924815+00,2025-03-24 02:24:14.924815+00
74fe2f2d-8f33-4416-9f74-1dab9b226459,QQ002,359b66b1-4fc9-4c9b-a8b0-b5c52b75a507,余暇 үгийн зөв уншлагыг сонгоно уу:,よか,"[""かた"",""よか"",""はな"",""みち""]",2,2025-03-24 02:24:14.924815+00,2025-03-24 02:24:14.924815+00
74fe950f-c8ca-4a53-aab1-24a7c1426a7e,QQ008,7e67ec97-0a33-44de-bfbd-76e4de4e1cc3,顔を立てる (かおをたてる) гэдэг үгийн утгыг сонгоно уу:,Нэр төр хадгалах,"[""Буруу хариулт 3"",""Буруу хариулт 1"",""Нэр төр хадгалах"",""Буруу хариулт 2""]",8,2025-03-24 02:24:14.924815+00,2025-03-24 02:24:14.924815+00
75811ae5-3977-4b73-98b0-e9637d2d429a,QQ009,98c8b668-1855-4657-b50a-abe3b0cefda0,ラフな (らふな) гэдэг үгийн утгыг сонгоно уу:,Эгэл,"[""Буруу хариулт 2"",""Буруу хариулт 1"",""Эгэл"",""Буруу хариулт 3""]",9,2025-03-24 02:24:14.924815+00,2025-03-24 02:24:14.924815+00
75e0627d-edd8-41a7-9de7-e71267f72145,QQ006,675a0d1a-bd01-40e3-a952-1b4a4ecbe6fd,洋品 үгийн зөв уншлагыг сонгоно уу:,ようひん,"[""みち"",""かた"",""ようひん"",""はな""]",6,2025-03-24 02:24:14.924815+00,2025-03-24 02:24:14.924815+00
7b8c176a-d82c-4439-935f-2cad4e26f3c9,QQ003,7e67ec97-0a33-44de-bfbd-76e4de4e1cc3,起こす (おこす) гэдэг үгийн утгыг сонгоно уу:,①Сэрээх ②Бий болгох ③Эхлэх ④Хөдөлгөх,"[""Буруу хариулт 1"",""Буруу хариулт 2"",""①Сэрээх ②Бий болгох ③Эхлэх ④Хөдөлгөх"",""Буруу хариулт 3""]",3,2025-03-24 02:24:14.924815+00,2025-03-24 02:24:14.924815+00
7bb9470c-6a99-4d70-ac9d-1dca00e195a2,QQ007,80308881-fc72-435a-90e7-969997aca57a,口頭 (こうとう) гэдэг үгийн утгыг сонгоно уу:,Амаар,"[""Буруу хариулт 3"",""Амаар"",""Буруу хариулт 2"",""Буруу хариулт 1""]",7,2025-03-24 02:24:14.924815+00,2025-03-24 02:24:14.924815+00
7c174d23-e5d6-4320-ab14-e0e01eb07fb5,QQ003,27618a6d-add1-4b6d-a3f7-ba87eb01256e,挑む үгийн зөв уншлагыг сонгоно уу:,いどむ,"[""みち"",""かた"",""はな"",""いどむ""]",3,2025-03-24 02:24:14.924815+00,2025-03-24 02:24:14.924815+00
7c34b397-59b9-4340-930f-31964e1bc65b,QQ006,3ef10029-79d1-4a70-aa63-5db51093d756,満たす үгийн зөв уншлагыг сонгоно уу:,みたす,"[""みたす"",""かた"",""はな"",""みち""]",6,2025-03-24 02:24:14.924815+00,2025-03-24 02:24:14.924815+00
7c48eb01-e43c-4d40-95d6-14796018dfac,QQ008,3c24c999-d031-4872-a2a7-37d46f7574b6,製作＜する＞ (せいさく＜する＞) гэдэг үгийн утгыг сонгоно уу:,Үйлдвэрлэх,"[""Буруу хариулт 3"",""Буруу хариулт 1"",""Үйлдвэрлэх"",""Буруу хариулт 2""]",8,2025-03-24 02:24:14.924815+00,2025-03-24 02:24:14.924815+00
7c6a76fd-2663-4a81-a0fa-8fe6f5feb847,QQ002,c7bbaf55-6398-42a2-b5d8-4c15d95767ae,見所 (みどころ) гэдэг үгийн утгыг сонгоно уу:,Үзэсгэлэнтэй газар,"[""Буруу хариулт 3"",""Буруу хариулт 1"",""Буруу хариулт 2"",""Үзэсгэлэнтэй газар""]",2,2025-03-24 02:24:14.924815+00,2025-03-24 02:24:14.924815+00
7d2bfb87-21e0-4b2f-bdbd-ef945995d1fa,QQ007,102ba681-5927-4562-8748-c1248cb8c596,めくる (めくる) гэдэг үгийн утгыг сонгоно уу:,"Хуулах, эргүүлэх","[""Буруу хариулт 3"",""Хуулах, эргүүлэх"",""Буруу хариулт 2"",""Буруу хариулт 1""]",7,2025-03-24 02:24:14.924815+00,2025-03-24 02:24:14.924815+00
7f1fe92b-e19a-4f8d-91ab-6ab87ac6d7ee,QQ003,80308881-fc72-435a-90e7-969997aca57a,機種 (きしゅ) гэдэг үгийн утгыг сонгоно уу:,Загвар,"[""Загвар"",""Буруу хариулт 2"",""Буруу хариулт 3"",""Буруу хариулт 1""]",3,2025-03-24 02:24:14.924815+00,2025-03-24 02:24:14.924815+00
7f806b64-64e1-4e96-8ff2-584fab22bb62,QQ008,80308881-fc72-435a-90e7-969997aca57a,おろそかな (おろそかな) гэдэг үгийн утгыг сонгоно уу:,Хайхрамжгүй,"[""Буруу хариулт 1"",""Буруу хариулт 3"",""Хайхрамжгүй"",""Буруу хариулт 2""]",8,2025-03-24 02:24:14.924815+00,2025-03-24 02:24:14.924815+00
7ff0b2c7-db13-4d78-b5c8-06c0d2c89ca1,QQ010,8961678e-47b3-431c-92b1-dcf7d98f0586,金融 (きんゆう) гэдэг үгийн утгыг сонгоно уу:,Мөнгөний,"[""Буруу хариулт 2"",""Мөнгөний"",""Буруу хариулт 1"",""Буруу хариулт 3""]",10,2025-03-24 02:24:14.924815+00,2025-03-24 02:24:14.924815+00
8087cc80-3887-4d8c-8027-4dbb869eeeb0,QQ007,311c5af9-91bd-4ac1-9c9f-70355d25f963,寄越す (よこす) гэдэг үгийн утгыг сонгоно уу:,"Илгээх, явуулах","[""Илгээх, явуулах"",""Авах, хүлээн авах"",""Уншиж үзэх"",""Бичих""]",7,2025-03-24 01:40:12.777748+00,2025-03-24 01:40:12.777748+00
809cb2c1-cdfc-4975-87d0-7cc6739c39c6,QQ009,7e67ec97-0a33-44de-bfbd-76e4de4e1cc3,寝かす (ねかす) гэдэг үгийн утгыг сонгоно уу:,①Унтуулах ②Тавих ③Хойшлуулах,"[""Буруу хариулт 3"",""Буруу хариулт 2"",""①Унтуулах ②Тавих ③Хойшлуулах"",""Буруу хариулт 1""]",9,2025-03-24 02:24:14.924815+00,2025-03-24 02:24:14.924815+00
81a65718-a755-4f56-844b-0d7997bb2bb2,QQ005,d1a8f6d8-a5ee-460c-b0eb-109c37e8af4c,くつろぐ (くつろぐ) гэдэг үгийн утгыг сонгоно уу:,"Амрах, тайвшрах","[""Буруу хариулт 3"",""Буруу хариулт 1"",""Амрах, тайвшрах"",""Буруу хариулт 2""]",5,2025-03-24 02:24:14.924815+00,2025-03-24 02:24:14.924815+00
83aa1b4a-d20c-4ddb-aeff-847644f0b2a4,QQ002,b4c40f03-98e8-4be1-9a28-8b5d26cdb7bb,対人関係 (たいじんかんけい) гэдэг үгийн утгыг сонгоно уу:,Хүмүүстэй харилцах харилцаа,"[""Буруу хариулт 3"",""Хүмүүстэй харилцах харилцаа"",""Буруу хариулт 1"",""Буруу хариулт 2""]",2,2025-03-24 02:24:14.924815+00,2025-03-24 02:24:14.924815+00
844cb01c-c563-4832-a795-579a93db050a,QQ004,ffb34e2e-66b4-4018-b241-b0ba13d8c750,ネガティブな үгийн зөв уншлагыг сонгоно уу:,ねがてぃぶна,"[""はな"",""かた"",""ねがてぃぶна"",""みち""]",4,2025-03-24 02:24:14.924815+00,2025-03-24 02:24:14.924815+00
8604afce-5c03-4ad4-b6fe-ab387c252bc9,QQ007,b4c40f03-98e8-4be1-9a28-8b5d26cdb7bb,恋する (こいする) гэдэг үгийн утгыг сонгоно уу:,Дурлах,"[""Буруу хариулт 2"",""Дурлах"",""Буруу хариулт 1"",""Буруу хариулт 3""]",7,2025-03-24 02:24:14.924815+00,2025-03-24 02:24:14.924815+00
863eef8b-e04c-48bc-9b5c-7338dfd2de4f,QQ010,311c5af9-91bd-4ac1-9c9f-70355d25f963,温もり (ぬくもり) гэдэг үгийн утгыг сонгоно уу:,Халуун дулаан,"[""Халуун дулаан"",""Хүйтэн"",""Сэрүүн"",""Халуун""]",10,2025-03-24 01:40:12.777748+00,2025-03-24 01:40:12.777748+00
864ff076-d4aa-4412-aa27-e75dfe280748,QQ007,8961678e-47b3-431c-92b1-dcf7d98f0586,体制 (たいせい) гэдэг үгийн утгыг сонгоно уу:,Тогтолцоо,"[""Буруу хариулт 1"",""Тогтолцоо"",""Буруу хариулт 2"",""Буруу хариулт 3""]",7,2025-03-24 02:24:14.924815+00,2025-03-24 02:24:14.924815+00
8680a7e1-caa0-4b13-b3c6-8c17a144eec4,QQ006,311c5af9-91bd-4ac1-9c9f-70355d25f963,親父 (おやじ) гэдэг үгийн утгыг сонгоно уу:,Аав,"[""Аав"",""Ах"",""Дүү"",""Өвөө""]",6,2025-03-24 01:40:12.777748+00,2025-03-24 01:40:12.777748+00
874964eb-656c-4bb6-8274-a2680f7b6b64,QQ007,3ef10029-79d1-4a70-aa63-5db51093d756,口頭 үгийн зөв уншлагыг сонгоно уу:,こうとう,"[""はな"",""みち"",""こうとう"",""かた""]",7,2025-03-24 02:24:14.924815+00,2025-03-24 02:24:14.924815+00
88b72c77-bd22-4e6c-8d62-a3f669efe79e,QQ001,93c94fab-0a01-4944-b3ae-4a8b2474bbe1,うっとうしい (うっとうしい) гэдэг үгийн утгыг сонгоно уу:,Харанхуй/Ууртай,"[""Харанхуй/Ууртай"",""Буруу хариулт 3"",""Буруу хариулт 2"",""Буруу хариулт 1""]",1,2025-03-24 02:24:14.924815+00,2025-03-24 02:24:14.924815+00
89211a99-7e7e-4545-9e96-8f406c2b6594,QQ007,42db9fb9-3fc8-4ffd-a16f-7e388161bc6b,限りない (かぎりない) гэдэг үгийн утгыг сонгоно уу:,Хязгааргүй,"[""Буруу хариулт 3"",""Буруу хариулт 2"",""Хязгааргүй"",""Буруу хариулт 1""]",7,2025-03-24 02:24:14.924815+00,2025-03-24 02:24:14.924815+00
8a3e1dd6-e118-45db-8f08-5b9f614f2629,QQ003,6202e67c-92af-4d29-b994-a06e81a1aba4,経歴 үгийн зөв уншлагыг сонгоно уу:,けいれき,"[""けいれき"",""はな"",""かた"",""みち""]",3,2025-03-24 02:24:14.924815+00,2025-03-24 02:24:14.924815+00
8b580dbd-647d-4943-9066-55bd9fb5238d,QQ010,a34b22ea-597b-46ef-9e50-e60d161a063b,金融 үгийн зөв уншлагыг сонгоно уу:,きんゆう,"[""みち"",""かた"",""はな"",""きんゆう""]",10,2025-03-24 02:24:14.924815+00,2025-03-24 02:24:14.924815+00
8bf593a6-3994-4719-a168-aad216da1bcc,QQ009,e9c4eb36-9e51-4fbf-b390-adc341902d84,はり үгийн зөв уншлагыг сонгоно уу:,はり,"[""みち"",""かた"",""はな"",""はり""]",9,2025-03-24 02:24:14.924815+00,2025-03-24 02:24:14.924815+00
8c03718a-88cf-46e1-b784-c8f0ec6a1203,QQ006,3662b6a0-83cd-4d8a-87c5-71845409ff63,同郷 үгийн зөв уншлагыг сонгоно уу:,どうきょう,"[""はな"",""かた"",""どうきょう"",""みち""]",6,2025-03-24 02:24:14.924815+00,2025-03-24 02:24:14.924815+00
8c72f5f4-330a-44ca-af1a-3b857f6a4a57,QQ010,3ef10029-79d1-4a70-aa63-5db51093d756,端末 үгийн зөв уншлагыг сонгоно уу:,たんまつ,"[""かた"",""みち"",""たんまつ"",""はな""]",10,2025-03-24 02:24:14.924815+00,2025-03-24 02:24:14.924815+00
8cda96d5-474a-4319-a433-bff5924b26a5,QQ006,3c24c999-d031-4872-a2a7-37d46f7574b6,洋品 (ようひん) гэдэг үгийн утгыг сонгоно уу:,Барууны хувцас,"[""Буруу хариулт 1"",""Барууны хувцас"",""Буруу хариулт 3"",""Буруу хариулт 2""]",6,2025-03-24 02:24:14.924815+00,2025-03-24 02:24:14.924815+00
8d290185-da86-4a00-8b3d-8b14190e8834,QQ005,c7bbaf55-6398-42a2-b5d8-4c15d95767ae,国家 (こっか) гэдэг үгийн утгыг сонгоно уу:,Улс,"[""Буруу хариулт 3"",""Буруу хариулт 1"",""Буруу хариулт 2"",""Улс""]",5,2025-03-24 02:24:14.924815+00,2025-03-24 02:24:14.924815+00
8d82b395-b9f6-4ecb-ae97-268fd64a39d6,QQ007,ffb34e2e-66b4-4018-b241-b0ba13d8c750,切ない үгийн зөв уншлагыг сонгоно уу:,せつない,"[""かた"",""はな"",""せつない"",""みち""]",7,2025-03-24 02:24:14.924815+00,2025-03-24 02:24:14.924815+00
8e30183d-5f80-407f-8099-36be8abee179,QQ003,98c8b668-1855-4657-b50a-abe3b0cefda0,挑む (いどむ) гэдэг үгийн утгыг сонгоно уу:,Сорих,"[""Сорих"",""Буруу хариулт 3"",""Буруу хариулт 2"",""Буруу хариулт 1""]",3,2025-03-24 02:24:14.924815+00,2025-03-24 02:24:14.924815+00
8eec9234-d834-4aae-8e46-ed2149ed59e7,QQ007,93c94fab-0a01-4944-b3ae-4a8b2474bbe1,切ない (せつない) гэдэг үгийн утгыг сонгоно уу:,Гунигтай,"[""Буруу хариулт 2"",""Буруу хариулт 1"",""Буруу хариулт 3"",""Гунигтай""]",7,2025-03-24 02:24:14.924815+00,2025-03-24 02:24:14.924815+00
9051a293-f50c-483b-be0d-6e41ee08d9aa,QQ003,102ba681-5927-4562-8748-c1248cb8c596,終日 (しゅうじつ) гэдэг үгийн утгыг сонгоно уу:,Бүтэн өдөр,"[""Буруу хариулт 2"",""Буруу хариулт 3"",""Бүтэн өдөр"",""Буруу хариулт 1""]",3,2025-03-24 02:24:14.924815+00,2025-03-24 02:24:14.924815+00
90a334d0-cef2-40e7-81e6-9f69df7798c3,QQ009,27618a6d-add1-4b6d-a3f7-ba87eb01256e,ラフな үгийн зөв уншлагыг сонгоно уу:,らふな,"[""らふな"",""はな"",""かた"",""みち""]",9,2025-03-24 02:24:14.924815+00,2025-03-24 02:24:14.924815+00
910a0172-6dd0-48d4-960f-9d9d638ab3cd,QQ009,aa20f3c4-079b-40ba-b7a6-6bc2b05ab5d2,安らぐ үгийн зөв уншлагыг сонгоно уу:,やすらぐ,"[""やすらぐ"",""みち"",""かた"",""はな""]",9,2025-03-24 02:24:14.924815+00,2025-03-24 02:24:14.924815+00
920159fc-b4b5-4dcd-9a20-0296c492534f,QQ007,c7bbaf55-6398-42a2-b5d8-4c15d95767ae,片言 (かたこと) гэдэг үгийн утгыг сонгоно уу:,Тасалдангуй яриа,"[""Буруу хариулт 1"",""Буруу хариулт 3"",""Буруу хариулт 2"",""Тасалдангуй яриа""]",7,2025-03-24 02:24:14.924815+00,2025-03-24 02:24:14.924815+00
92c335d4-a330-47ef-9038-485bde254f7e,QQ001,c7bbaf55-6398-42a2-b5d8-4c15d95767ae,紛争 (ふんそう) гэдэг үгийн утгыг сонгоно уу:,Мөргөлдөөн,"[""Буруу хариулт 1"",""Буруу хариулт 2"",""Мөргөлдөөн"",""Буруу хариулт 3""]",1,2025-03-24 02:24:14.924815+00,2025-03-24 02:24:14.924815+00
93b46a1e-a4e6-47c2-bdaa-a616c988f825,QQ001,7e67ec97-0a33-44de-bfbd-76e4de4e1cc3,明るい (あかるい) гэдэг үгийн утгыг сонгоно уу:,①Гэрэлтэй ②Тод ③Туршлагатай,"[""Буруу хариулт 3"",""①Гэрэлтэй ②Тод ③Туршлагатай"",""Буруу хариулт 1"",""Буруу хариулт 2""]",1,2025-03-24 02:24:14.924815+00,2025-03-24 02:24:14.924815+00
93c2f23e-274f-491f-bf70-c2fcf8448564,QQ006,76e24e67-5895-446e-b125-ae9aecf67155,親交 үгийн зөв уншлагыг сонгоно уу:,しんこう,"[""はな"",""しんこう"",""かた"",""みち""]",6,2025-03-24 02:24:14.924815+00,2025-03-24 02:24:14.924815+00
948ab293-0032-44d6-be70-bfdb6dac0852,QQ007,76e24e67-5895-446e-b125-ae9aecf67155,片言 үгийн зөв уншлагыг сонгоно уу:,かたこと,"[""みち"",""かた"",""かたこと"",""はな""]",7,2025-03-24 02:24:14.924815+00,2025-03-24 02:24:14.924815+00
954123f0-fd13-4030-afd3-4d75193bab2e,QQ001,359b66b1-4fc9-4c9b-a8b0-b5c52b75a507,警報 үгийн зөв уншлагыг сонгоно уу:,けいほう,"[""かた"",""けいほう"",""はな"",""みち""]",1,2025-03-24 02:24:14.924815+00,2025-03-24 02:24:14.924815+00
987baafc-2562-415b-9ed4-91284f4ed09b,QQ004,3662b6a0-83cd-4d8a-87c5-71845409ff63,街並み үгийн зөв уншлагыг сонгоно уу:,まちなみ,"[""まちなみ"",""みち"",""はな"",""かた""]",4,2025-03-24 02:24:14.924815+00,2025-03-24 02:24:14.924815+00
9881fa99-f673-4076-a01e-10646b096681,QQ005,93c94fab-0a01-4944-b3ae-4a8b2474bbe1,ポジティブな (ぽじてぃぶな) гэдэг үгийн утгыг сонгоно уу:,Эерэг,"[""Буруу хариулт 3"",""Эерэг"",""Буруу хариулт 1"",""Буруу хариулт 2""]",5,2025-03-24 02:24:14.924815+00,2025-03-24 02:24:14.924815+00
99630794-c832-4457-ab48-7eb48a2e3cc1,QQ006,6202e67c-92af-4d29-b994-a06e81a1aba4,キャリア үгийн зөв уншлагыг сонгоно уу:,きゃりあ,"[""きゃりあ"",""はな"",""みち"",""かた""]",6,2025-03-24 02:24:14.924815+00,2025-03-24 02:24:14.924815+00
99d254d8-b6fb-44b7-b7e9-fd406fd9f52f,QQ008,c962ec76-43d5-4414-9437-60bf295c12e9,顔を立てる үгийн зөв уншлагыг сонгоно уу:,かおをたてる,"[""みち"",""はな"",""かおをたてる"",""かた""]",8,2025-03-24 02:24:14.924815+00,2025-03-24 02:24:14.924815+00
9a3bd0ca-ae45-4b1b-be56-6886af33ad3c,QQ006,b4c40f03-98e8-4be1-9a28-8b5d26cdb7bb,縁 (えん) гэдэг үгийн утгыг сонгоно уу:,"Холбоо, харилцаа, тавилан","[""Буруу хариулт 2"",""Буруу хариулт 1"",""Буруу хариулт 3"",""Холбоо, харилцаа, тавилан""]",6,2025-03-24 02:24:14.924815+00,2025-03-24 02:24:14.924815+00
9b1509c0-8489-4ee4-af3a-2b71f6756b01,QQ008,42db9fb9-3fc8-4ffd-a16f-7e388161bc6b,オゾン層 (おぞんそう) гэдэг үгийн утгыг сонгоно уу:,Озоны давхарга,"[""Буруу хариулт 3"",""Буруу хариулт 2"",""Озоны давхарга"",""Буруу хариулт 1""]",8,2025-03-24 02:24:14.924815+00,2025-03-24 02:24:14.924815+00
9d7afe29-1c27-4ed9-a450-f66541486ea6,QQ008,96eba5b0-5839-41b5-a635-c5f15e5678af,恋する үгийн зөв уншлагыг сонгоно уу:,こいする,"[""みち"",""かた"",""はな"",""こいする""]",8,2025-03-24 02:24:14.924815+00,2025-03-24 02:24:14.924815+00
9e382edb-a243-4be5-9ea0-964a9706db3e,QQ006,7e67ec97-0a33-44de-bfbd-76e4de4e1cc3,息が切れる (いきがきれる) гэдэг үгийн утгыг сонгоно уу:,Амьсгаа тасрах,"[""Амьсгаа тасрах"",""Буруу хариулт 3"",""Буруу хариулт 2"",""Буруу хариулт 1""]",6,2025-03-24 02:24:14.924815+00,2025-03-24 02:24:14.924815+00
9fad7bdc-cbbf-4b7f-b764-9e1a03458ea5,QQ006,5833f0cd-4f15-4de4-a2ed-184e462ce481,同郷 (どうきょう) гэдэг үгийн утгыг сонгоно уу:,Ижил нутаг,"[""Буруу хариулт 3"",""Буруу хариулт 1"",""Буруу хариулт 2"",""Ижил нутаг""]",6,2025-03-24 02:24:14.924815+00,2025-03-24 02:24:14.924815+00
a117c171-a252-4ccf-9cda-d7b79e75e52b,QQ002,311c5af9-91bd-4ac1-9c9f-70355d25f963,肉親 (にくしん) гэдэг үгийн утгыг сонгоно уу:,Хамаатан садан хүмүүс,"[""Хамаатан садан хүмүүс"",""Ажлын хамт олон"",""Сургуулийн найзууд"",""Гэр бүлийн найзууд""]",2,2025-03-24 01:40:12.777748+00,2025-03-24 01:40:12.777748+00
a1652a38-4192-4acc-83a7-fa3bc9b905d8,QQ001,a34b22ea-597b-46ef-9e50-e60d161a063b,脅す үгийн зөв уншлагыг сонгоно уу:,おどす,"[""かた"",""おどす"",""はな"",""みち""]",1,2025-03-24 02:24:14.924815+00,2025-03-24 02:24:14.924815+00
a18457c5-a432-4e3e-be9e-4beda222d318,QQ004,93c94fab-0a01-4944-b3ae-4a8b2474bbe1,ネガティブな (ねがてぃぶна) гэдэг үгийн утгыг сонгоно уу:,Сөрөг,"[""Буруу хариулт 3"",""Буруу хариулт 2"",""Сөрөг"",""Буруу хариулт 1""]",4,2025-03-24 02:24:14.924815+00,2025-03-24 02:24:14.924815+00
a2e52eea-47d0-4fe0-a41f-db43f7605ff6,QQ009,06e41485-5ce7-4849-b7c5-a44e7b03f363,わきまえる (わきмаえる) гэдэг үгийн утгыг сонгоно уу:,Таничих,"[""Буруу хариулт 1"",""Буруу хариулт 3"",""Таничих"",""Буруу хариулт 2""]",9,2025-03-24 02:24:14.924815+00,2025-03-24 02:24:14.924815+00
a2f04cea-a049-462e-b537-3323e17b4063,QQ005,06e41485-5ce7-4849-b7c5-a44e7b03f363,適性 (てきせい) гэдэг үгийн утгыг сонгоно уу:,Тохирол,"[""Буруу хариулт 2"",""Буруу хариулт 1"",""Буруу хариулт 3"",""Тохирол""]",5,2025-03-24 02:24:14.924815+00,2025-03-24 02:24:14.924815+00
a3312a66-f50a-475b-934e-98412c3ec822,QQ003,359b66b1-4fc9-4c9b-a8b0-b5c52b75a507,果てしない үгийн зөв уншлагыг сонгоно уу:,はてしない,"[""みち"",""かた"",""はな"",""はてしない""]",3,2025-03-24 02:24:14.924815+00,2025-03-24 02:24:14.924815+00
a54cfcab-1803-4ca9-ad2b-70fb2ff019a8,QQ006,8961678e-47b3-431c-92b1-dcf7d98f0586,内閣 (ないかく) гэдэг үгийн утгыг сонгоно уу:,Засгийн газар,"[""Буруу хариулт 2"",""Засгийн газар"",""Буруу хариулт 1"",""Буруу хариулт 3""]",6,2025-03-24 02:24:14.924815+00,2025-03-24 02:24:14.924815+00
a69cc73a-9b0a-4462-8330-1567660605c5,QQ007,96eba5b0-5839-41b5-a635-c5f15e5678af,恋する үгийн зөв уншлагыг сонгоно уу:,こいする,"[""みち"",""はな"",""こいする"",""かた""]",7,2025-03-24 02:24:14.924815+00,2025-03-24 02:24:14.924815+00
a6cf7aec-278c-4642-a7e5-88ca79813bf0,QQ001,5833f0cd-4f15-4de4-a2ed-184e462ce481,公的な (こうてきな) гэдэг үгийн утгыг сонгоно уу:,Олон нийтийн,"[""Буруу хариулт 3"",""Олон нийтийн"",""Буруу хариулт 1"",""Буруу хариулт 2""]",1,2025-03-24 02:24:14.924815+00,2025-03-24 02:24:14.924815+00
a738d44c-0f8e-4753-b2a4-64983d5201a1,QQ006,f758ff3a-4ce2-4c62-8a63-f762f509a2ee,先着＜する＞ үгийн зөв уншлагыг сонгоно уу:,せんちゃく＜する＞,"[""はな"",""せんちゃく＜する＞"",""かた"",""みち""]",6,2025-03-24 02:24:14.924815+00,2025-03-24 02:24:14.924815+00
a787d379-b7ee-400e-8110-9b583761451a,QQ006,80308881-fc72-435a-90e7-969997aca57a,満たす (みたす) гэдэг үгийн утгыг сонгоно уу:,Хангах,"[""Хангах"",""Буруу хариулт 2"",""Буруу хариулт 3"",""Буруу хариулт 1""]",6,2025-03-24 02:24:14.924815+00,2025-03-24 02:24:14.924815+00
a983488d-10b6-480d-8c99-4ccb846938b5,QQ008,311c5af9-91bd-4ac1-9c9f-70355d25f963,女房 (にょうぼう) гэдэг үгийн утгыг сонгоно уу:,Эхнэр,"[""Эхнэр"",""Найз бүсгүй"",""Эгч"",""Охин""]",8,2025-03-24 01:40:12.777748+00,2025-03-24 01:40:12.777748+00
a997dad4-8259-4792-9e89-36c97994e3e1,QQ001,3c24c999-d031-4872-a2a7-37d46f7574b6,制作＜する＞ (せいさく＜する＞) гэдэг үгийн утгыг сонгоно уу:,Бүтээчих,"[""Бүтээчих"",""Буруу хариулт 1"",""Буруу хариулт 2"",""Буруу хариулт 3""]",1,2025-03-24 02:24:14.924815+00,2025-03-24 02:24:14.924815+00
aadbcdd2-ecbf-47e8-8ed7-f58e605a2073,QQ002,f758ff3a-4ce2-4c62-8a63-f762f509a2ee,買い込む үгийн зөв уншлагыг сонгоно уу:,かいこむ,"[""はな"",""みち"",""かいこむ"",""かた""]",2,2025-03-24 02:24:14.924815+00,2025-03-24 02:24:14.924815+00
ad05df19-a5b6-4308-8659-c4319cfbce85,QQ006,a34b22ea-597b-46ef-9e50-e60d161a063b,内閣 үгийн зөв уншлагыг сонгоно уу:,ないかく,"[""ないかく"",""みち"",""かた"",""はな""]",6,2025-03-24 02:24:14.924815+00,2025-03-24 02:24:14.924815+00
ad62e488-80fb-4be8-baed-6f5b3639b19b,QQ002,93c94fab-0a01-4944-b3ae-4a8b2474bbe1,爽快な (そうかいな) гэдэг үгийн утгыг сонгоно уу:,Сэргэг,"[""Буруу хариулт 3"",""Буруу хариулт 2"",""Сэргэг"",""Буруу хариулт 1""]",2,2025-03-24 02:24:14.924815+00,2025-03-24 02:24:14.924815+00
aead47d6-6b65-4ddd-8b9b-a626ae30bcc6,QQ001,aa20f3c4-079b-40ba-b7a6-6bc2b05ab5d2,手順 үгийн зөв уншлагыг сонгоно уу:,てじゅん,"[""てじゅん"",""はな"",""みち"",""かた""]",1,2025-03-24 02:24:14.924815+00,2025-03-24 02:24:14.924815+00
b0667473-020c-4cd6-b4cb-a87573c65680,QQ009,d1a8f6d8-a5ee-460c-b0eb-109c37e8af4c,安らぐ (やすらぐ) гэдэг үгийн утгыг сонгоно уу:,"Тайвшрах, сэтгэл амрах","[""Тайвшрах, сэтгэл амрах"",""Буруу хариулт 2"",""Буруу хариулт 3"",""Буруу хариулт 1""]",9,2025-03-24 02:24:14.924815+00,2025-03-24 02:24:14.924815+00
b0a8cf01-9291-4f41-8fbb-87c56e0f39e4,QQ002,23ebd392-a7da-4a8e-a264-65313e45190a,くたびれる (くたびれる) гэдэг үгийн утгыг сонгоно уу:,Ядарчих,"[""Буруу хариулт 2"",""Ядарчих"",""Буруу хариулт 3"",""Буруу хариулт 1""]",2,2025-03-24 02:24:14.924815+00,2025-03-24 02:24:14.924815+00
b0df1f10-4d6b-470e-a6f7-15b8336abef5,QQ005,359b66b1-4fc9-4c9b-a8b0-b5c52b75a507,紫外線 үгийн зөв уншлагыг сонгоно уу:,しがいせん,"[""かた"",""しがいせん"",""はな"",""みち""]",5,2025-03-24 02:24:14.924815+00,2025-03-24 02:24:14.924815+00
b14ecd1a-acce-4006-aa80-01731c7a83a2,QQ004,80308881-fc72-435a-90e7-969997aca57a,創立＜する＞ (そうりつ＜する＞) гэдэг үгийн утгыг сонгоно уу:,"Байгуулах, үүсгэн байгуулах","[""Буруу хариулт 2"",""Буруу хариулт 1"",""Байгуулах, үүсгэн байгуулах"",""Буруу хариулт 3""]",4,2025-03-24 02:24:14.924815+00,2025-03-24 02:24:14.924815+00
b17421f9-4b3a-405e-96cd-eb758665ba33,QQ004,7e67ec97-0a33-44de-bfbd-76e4de4e1cc3,息が切れる (いきがきれる) гэдэг үгийн утгыг сонгоно уу:,Амьсгаа тасрах,"[""Амьсгаа тасрах"",""Буруу хариулт 1"",""Буруу хариулт 2"",""Буруу хариулт 3""]",4,2025-03-24 02:24:14.924815+00,2025-03-24 02:24:14.924815+00
b1f23be3-6e38-4bec-ae73-abaf77832b53,QQ010,80308881-fc72-435a-90e7-969997aca57a,端末 (たんまつ) гэдэг үгийн утгыг сонгоно уу:,Төгсгөлийн төхөөрөмж,"[""Буруу хариулт 2"",""Төгсгөлийн төхөөрөмж"",""Буруу хариулт 1"",""Буруу хариулт 3""]",10,2025-03-24 02:24:14.924815+00,2025-03-24 02:24:14.924815+00
b389c58d-ae06-4ea3-aefa-d879f53ba056,QQ006,ffb34e2e-66b4-4018-b241-b0ba13d8c750,朗らかな үгийн зөв уншлагыг сонгоно уу:,ほからかな,"[""はな"",""ほからかな"",""かた"",""みち""]",6,2025-03-24 02:24:14.924815+00,2025-03-24 02:24:14.924815+00
b471bd36-ca7b-4d96-82af-851e8f86a684,QQ003,96eba5b0-5839-41b5-a635-c5f15e5678af,異性 үгийн зөв уншлагыг сонгоно уу:,いせい,"[""かた"",""みち"",""いせい"",""はな""]",3,2025-03-24 02:24:14.924815+00,2025-03-24 02:24:14.924815+00
b50b809b-d90f-44c2-b2e7-a1c10935beb5,QQ007,23ebd392-a7da-4a8e-a264-65313e45190a,気管支炎 (きかんしえん) гэдэг үгийн утгыг сонгоно уу:,Гуурсан хоолойн үрэвсэл,"[""Гуурсан хоолойн үрэвсэл"",""Буруу хариулт 2"",""Буруу хариулт 1"",""Буруу хариулт 3""]",7,2025-03-24 02:24:14.924815+00,2025-03-24 02:24:14.924815+00
b50c6e47-d4aa-497c-9bc4-4bb3682e0ce0,QQ009,311c5af9-91bd-4ac1-9c9f-70355d25f963,亭主 (ていしゅ) гэдэг үгийн утгыг сонгоно уу:,Нөхөр,"[""Нөхөр"",""Найз залуу"",""Ах"",""Хүү""]",9,2025-03-24 01:40:12.777748+00,2025-03-24 01:40:12.777748+00
b77bff9a-2d1d-443b-bcde-226379a3dcbd,QQ004,311c5af9-91bd-4ac1-9c9f-70355d25f963,家系 (かけい) гэдэг үгийн утгыг сонгоно уу:,Удам угсаа,"[""Удам угсаа"",""Гэр орон"",""Ажил мэргэжил"",""Боловсрол""]",4,2025-03-24 01:40:12.777748+00,2025-03-24 01:40:12.777748+00
b8e343c6-8357-4f13-88bd-86c0306528f0,QQ006,d1a8f6d8-a5ee-460c-b0eb-109c37e8af4c,契機 (けいき) гэдэг үгийн утгыг сонгоно уу:,"Боломж, тохиолдол","[""Боломж, тохиолдол"",""Буруу хариулт 1"",""Буруу хариулт 3"",""Буруу хариулт 2""]",6,2025-03-24 02:24:14.924815+00,2025-03-24 02:24:14.924815+00
bb9e5d8b-fe2f-4200-b971-070d7443c5db,QQ002,80308881-fc72-435a-90e7-969997aca57a,志す (こころざす) гэдэг үгийн утгыг сонгоно уу:,Тэмүүлэх,"[""Тэмүүлэх"",""Буруу хариулт 1"",""Буруу хариулт 2"",""Буруу хариулт 3""]",2,2025-03-24 02:24:14.924815+00,2025-03-24 02:24:14.924815+00
bd0a4e59-1ba1-41e3-9ceb-a1305f538698,QQ003,ffb34e2e-66b4-4018-b241-b0ba13d8c750,大らかな үгийн зөв уншлагыг сонгоно уу:,おおらかな,"[""はな"",""かた"",""おおらかな"",""みち""]",3,2025-03-24 02:24:14.924815+00,2025-03-24 02:24:14.924815+00
bd29973a-25aa-406c-b0da-e21fa815d2c9,QQ009,5833f0cd-4f15-4de4-a2ed-184e462ce481,製造＜する＞ (せいぞう＜する＞) гэдэг үгийн утгыг сонгоно уу:,Боловсруулах,"[""Боловсруулах"",""Буруу хариулт 3"",""Буруу хариулт 1"",""Буруу хариулт 2""]",9,2025-03-24 02:24:14.924815+00,2025-03-24 02:24:14.924815+00
bdd6a912-4c59-490c-9a68-1e5779b5b5f3,QQ007,3c24c999-d031-4872-a2a7-37d46f7574b6,もろに (もろに) гэдэг үгийн утгыг сонгоно уу:,Шууд,"[""Буруу хариулт 3"",""Буруу хариулт 1"",""Буруу хариулт 2"",""Шууд""]",7,2025-03-24 02:24:14.924815+00,2025-03-24 02:24:14.924815+00
be88493e-85ec-4e9c-9f06-f5403308a1b1,QQ001,6202e67c-92af-4d29-b994-a06e81a1aba4,日系企業 үгийн зөв уншлагыг сонгоно уу:,にっけいきぎょう,"[""にっけいきぎょう"",""かた"",""はな"",""みち""]",1,2025-03-24 02:24:14.924815+00,2025-03-24 02:24:14.924815+00
be9033db-a317-462d-8dcd-8d2aa63d1aa7,QQ003,c962ec76-43d5-4414-9437-60bf295c12e9,起こす үгийн зөв уншлагыг сонгоно уу:,おこす,"[""みち"",""はな"",""おこす"",""かた""]",3,2025-03-24 02:24:14.924815+00,2025-03-24 02:24:14.924815+00
bf8ddc04-3a7f-4ac0-8e9a-5289529ec325,QQ009,76e24e67-5895-446e-b125-ae9aecf67155,密接な үгийн зөв уншлагыг сонгоно уу:,みっせつな,"[""はな"",""みち"",""みっせつな"",""かた""]",9,2025-03-24 02:24:14.924815+00,2025-03-24 02:24:14.924815+00
bff6660e-fd54-4b1b-8262-48d07704db4a,QQ001,d1a8f6d8-a5ee-460c-b0eb-109c37e8af4c,手順 (てじゅん) гэдэг үгийн утгыг сонгоно уу:,"Дараалал, процесс","[""Дараалал, процесс"",""Буруу хариулт 1"",""Буруу хариулт 3"",""Буруу хариулт 2""]",1,2025-03-24 02:24:14.924815+00,2025-03-24 02:24:14.924815+00
c03d54a0-8317-4813-9e82-d54424adba29,QQ008,675a0d1a-bd01-40e3-a952-1b4a4ecbe6fd,製作＜する＞ үгийн зөв уншлагыг сонгоно уу:,せいさく＜する＞,"[""かた"",""はな"",""せいさく＜する＞"",""みち""]",8,2025-03-24 02:24:14.924815+00,2025-03-24 02:24:14.924815+00
c15afedf-513c-4df9-be37-8cf39e92c385,QQ002,27618a6d-add1-4b6d-a3f7-ba87eb01256e,公開＜する＞ үгийн зөв уншлагыг сонгоно уу:,こうかい＜する＞,"[""みち"",""かた"",""こうかい＜する＞"",""はな""]",2,2025-03-24 02:24:14.924815+00,2025-03-24 02:24:14.924815+00
c38c1071-5567-4717-a24b-482c8420c3d0,QQ003,3c24c999-d031-4872-a2a7-37d46f7574b6,ふらりと (ふらりと) гэдэг үгийн утгыг сонгоно уу:,Тодорхой бусаар,"[""Буруу хариулт 2"",""Буруу хариулт 3"",""Буруу хариулт 1"",""Тодорхой бусаар""]",3,2025-03-24 02:24:14.924815+00,2025-03-24 02:24:14.924815+00
c4b5d42e-5a5f-4360-bde8-0ed298de2915,QQ004,76e24e67-5895-446e-b125-ae9aecf67155,片言 үгийн зөв уншлагыг сонгоно уу:,かたこと,"[""かた"",""はな"",""みち"",""かたこと""]",4,2025-03-24 02:24:14.924815+00,2025-03-24 02:24:14.924815+00
c4ea223c-a849-4cfe-b1cd-4f7362980690,QQ009,23ebd392-a7da-4a8e-a264-65313e45190a,はり (はり) гэдэг үгийн утгыг сонгоно уу:,Гөлгөр байдал,"[""Буруу хариулт 2"",""Буруу хариулт 3"",""Гөлгөр байдал"",""Буруу хариулт 1""]",9,2025-03-24 02:24:14.924815+00,2025-03-24 02:24:14.924815+00
c4f177a2-74a9-46f4-a38d-32d63f095840,QQ003,c7bbaf55-6398-42a2-b5d8-4c15d95767ae,紛争 (ふんそう) гэдэг үгийн утгыг сонгоно уу:,Мөргөлдөөн,"[""Буруу хариулт 3"",""Буруу хариулт 2"",""Мөргөлдөөн"",""Буруу хариулт 1""]",3,2025-03-24 02:24:14.924815+00,2025-03-24 02:24:14.924815+00
c4f4e1fa-556f-4bb0-bf69-e419a0dc687c,QQ010,96eba5b0-5839-41b5-a635-c5f15e5678af,気が置けない үгийн зөв уншлагыг сонгоно уу:,きがおけない,"[""きがおけない"",""かた"",""はな"",""みち""]",10,2025-03-24 02:24:14.924815+00,2025-03-24 02:24:14.924815+00
c55ac305-2b82-47d8-b87d-cce99bedc09b,QQ010,675a0d1a-bd01-40e3-a952-1b4a4ecbe6fd,げらげら үгийн зөв уншлагыг сонгоно уу:,げらげら,"[""げらげら"",""はな"",""みち"",""かた""]",10,2025-03-24 02:24:14.924815+00,2025-03-24 02:24:14.924815+00
c7117618-b08d-4623-a2a6-49ca4777dfb9,QQ004,359b66b1-4fc9-4c9b-a8b0-b5c52b75a507,豪雨 үгийн зөв уншлагыг сонгоно уу:,ごうう,"[""かた"",""ごうう"",""はな"",""みち""]",4,2025-03-24 02:24:14.924815+00,2025-03-24 02:24:14.924815+00
c7f05eec-5289-4fab-bb85-ea797392af6f,QQ008,3662b6a0-83cd-4d8a-87c5-71845409ff63,公用 үгийн зөв уншлагыг сонгоно уу:,こうよう,"[""みち"",""かた"",""はな"",""こうよう""]",8,2025-03-24 02:24:14.924815+00,2025-03-24 02:24:14.924815+00
c85d41dc-dddc-4914-8cb2-a3894d9264c8,QQ009,c7bbaf55-6398-42a2-b5d8-4c15d95767ae,密接な (みっせつな) гэдэг үгийн утгыг сонгоно уу:,Ойр,"[""Буруу хариулт 3"",""Ойр"",""Буруу хариулт 1"",""Буруу хариулт 2""]",9,2025-03-24 02:24:14.924815+00,2025-03-24 02:24:14.924815+00
c9ad24d4-83c8-4780-b09b-07745c7354d8,QQ005,a34b22ea-597b-46ef-9e50-e60d161a063b,衝突＜する＞ үгийн зөв уншлагыг сонгоно уу:,しょうとつ＜する＞,"[""しょうとつ＜する＞"",""はな"",""かた"",""みち""]",5,2025-03-24 02:24:14.924815+00,2025-03-24 02:24:14.924815+00
c9c8ddfb-c13f-4e06-b04a-9e8e99cd3539,QQ004,c962ec76-43d5-4414-9437-60bf295c12e9,息が切れる үгийн зөв уншлагыг сонгоно уу:,いきがきれる,"[""みち"",""はな"",""かた"",""いきがきれる""]",4,2025-03-24 02:24:14.924815+00,2025-03-24 02:24:14.924815+00
cbf72351-0f9b-4397-8977-6e1cdfdde2a8,QQ002,7e67ec97-0a33-44de-bfbd-76e4de4e1cc3,顔から火が出る (かおからひがでる) гэдэг үгийн утгыг сонгоно уу:,Ичээс улайх,"[""Ичээс улайх"",""Буруу хариулт 3"",""Буруу хариулт 2"",""Буруу хариулт 1""]",2,2025-03-24 02:24:14.924815+00,2025-03-24 02:24:14.924815+00
ce82104a-68a3-4e4c-ad4a-97313007d1ae,QQ004,c7bbaf55-6398-42a2-b5d8-4c15d95767ae,片言 (かたこと) гэдэг үгийн утгыг сонгоно уу:,Тасалдангуй яриа,"[""Буруу хариулт 2"",""Буруу хариулт 1"",""Тасалдангуй яриа"",""Буруу хариулт 3""]",4,2025-03-24 02:24:14.924815+00,2025-03-24 02:24:14.924815+00
d0ab514d-058b-46d4-8fff-5911dbecb858,QQ004,6202e67c-92af-4d29-b994-a06e81a1aba4,有望な үгийн зөв уншлагыг сонгоно уу:,ゆうぼうな,"[""ゆうぼうな"",""みち"",""かた"",""はな""]",4,2025-03-24 02:24:14.924815+00,2025-03-24 02:24:14.924815+00
d17b3018-23c9-402b-848d-1c9cc8e88425,QQ005,6202e67c-92af-4d29-b994-a06e81a1aba4,適性 үгийн зөв уншлагыг сонгоно уу:,てきせい,"[""みち"",""かた"",""てきせい"",""はな""]",5,2025-03-24 02:24:14.924815+00,2025-03-24 02:24:14.924815+00
d2428664-c21b-4632-8295-a88670702876,QQ006,102ba681-5927-4562-8748-c1248cb8c596,先着＜する＞ (せんちゃく＜する＞) гэдэг үгийн утгыг сонгоно уу:,Эхэнд ирэх,"[""Эхэнд ирэх"",""Буруу хариулт 3"",""Буруу хариулт 1"",""Буруу хариулт 2""]",6,2025-03-24 02:24:14.924815+00,2025-03-24 02:24:14.924815+00
d277501c-e855-49cf-94dc-d749ee87b246,QQ001,80308881-fc72-435a-90e7-969997aca57a,勤勉＜な＞ (きんべん＜な＞) гэдэг үгийн утгыг сонгоно уу:,Хичээнгүй,"[""Буруу хариулт 3"",""Буруу хариулт 1"",""Хичээнгүй"",""Буруу хариулт 2""]",1,2025-03-24 02:24:14.924815+00,2025-03-24 02:24:14.924815+00
d2d53f97-1380-4da2-a245-f029cfd6cd65,QQ005,23ebd392-a7da-4a8e-a264-65313e45190a,体つき＜する＞ (からだつき＜する＞) гэдэг үгийн утгыг сонгоно уу:,Биеийн хэлбэр,"[""Буруу хариулт 3"",""Буруу хариулт 1"",""Буруу хариулт 2"",""Биеийн хэлбэр""]",5,2025-03-24 02:24:14.924815+00,2025-03-24 02:24:14.924815+00
d392e011-68b6-4baa-b766-03efe7be6b62,QQ002,e9c4eb36-9e51-4fbf-b390-adc341902d84,くたびれる үгийн зөв уншлагыг сонгоно уу:,くたびれる,"[""みち"",""かた"",""はな"",""くたびれる""]",2,2025-03-24 02:24:14.924815+00,2025-03-24 02:24:14.924815+00
d514ca66-9d64-4964-9a9f-c7f75bb75d18,QQ001,27618a6d-add1-4b6d-a3f7-ba87eb01256e,書籍 үгийн зөв уншлагыг сонгоно уу:,しょせき,"[""はな"",""みち"",""しょせき"",""かた""]",1,2025-03-24 02:24:14.924815+00,2025-03-24 02:24:14.924815+00
d63e8943-d21f-421f-90db-208ebff15108,QQ004,8961678e-47b3-431c-92b1-dcf7d98f0586,治安 (ちあん) гэдэг үгийн утгыг сонгоно уу:,Аюулгүй байдал,"[""Буруу хариулт 3"",""Буруу хариулт 1"",""Аюулгүй байдал"",""Буруу хариулт 2""]",4,2025-03-24 02:24:14.924815+00,2025-03-24 02:24:14.924815+00
d6eb0ce6-678e-466b-ac41-efae11aa5c0d,QQ009,675a0d1a-bd01-40e3-a952-1b4a4ecbe6fd,じっとり[と]＜する＞ үгийн зөв уншлагыг сонгоно уу:,じっとり,"[""かた"",""みち"",""はな"",""じっとり""]",9,2025-03-24 02:24:14.924815+00,2025-03-24 02:24:14.924815+00
d6fafa7d-0f7c-498c-9211-76b78058ac31,QQ008,d1a8f6d8-a5ee-460c-b0eb-109c37e8af4c,香辛料 (こうしんりょう) гэдэг үгийн утгыг сонгоно уу:,"Амтлагч, халуун ногоо","[""Буруу хариулт 1"",""Буруу хариулт 2"",""Буруу хариулт 3"",""Амтлагч, халуун ногоо""]",8,2025-03-24 02:24:14.924815+00,2025-03-24 02:24:14.924815+00
d8082dd2-542b-44fb-b31d-7557ad008bda,QQ002,76e24e67-5895-446e-b125-ae9aecf67155,見所 үгийн зөв уншлагыг сонгоно уу:,みどころ,"[""かた"",""みどころ"",""みち"",""はな""]",2,2025-03-24 02:24:14.924815+00,2025-03-24 02:24:14.924815+00
d8167bf3-aa31-4fc2-9188-cfc1d837fa63,QQ009,f758ff3a-4ce2-4c62-8a63-f762f509a2ee,差し引く үгийн зөв уншлагыг сонгоно уу:,さしひく,"[""はな"",""みち"",""さしひく"",""かた""]",9,2025-03-24 02:24:14.924815+00,2025-03-24 02:24:14.924815+00
d91f9ffd-e381-4a18-aecf-920acfeaa6a6,QQ009,93c94fab-0a01-4944-b3ae-4a8b2474bbe1,軽快な (けいかいな) гэдэг үгийн утгыг сонгоно уу:,Хөнгөн,"[""Хөнгөн"",""Буруу хариулт 2"",""Буруу хариулт 1"",""Буруу хариулт 3""]",9,2025-03-24 02:24:14.924815+00,2025-03-24 02:24:14.924815+00
d9244866-9902-433c-8f2a-48a06ec33aab,QQ007,675a0d1a-bd01-40e3-a952-1b4a4ecbe6fd,もろに үгийн зөв уншлагыг сонгоно уу:,もろに,"[""はな"",""みち"",""もろに"",""かた""]",7,2025-03-24 02:24:14.924815+00,2025-03-24 02:24:14.924815+00
db66612d-50ef-42eb-bf01-3b9afac1cec2,QQ008,93c94fab-0a01-4944-b3ae-4a8b2474bbe1,見苦しい (みぐるしい) гэдэг үгийн утгыг сонгоно уу:,Муухай,"[""Буруу хариулт 1"",""Буруу хариулт 2"",""Буруу хариулт 3"",""Муухай""]",8,2025-03-24 02:24:14.924815+00,2025-03-24 02:24:14.924815+00
dc256401-26bb-438a-aef3-bef7e7e2983a,QQ003,a34b22ea-597b-46ef-9e50-e60d161a063b,財政 үгийн зөв уншлагыг сонгоно уу:,ざいせい,"[""はな"",""ざいせい"",""かた"",""みち""]",3,2025-03-24 02:24:14.924815+00,2025-03-24 02:24:14.924815+00
e0b7fdac-3b78-430b-87b8-dd624b3fb578,QQ003,23ebd392-a7da-4a8e-a264-65313e45190a,容姿 (ようし) гэдэг үгийн утгыг сонгоно уу:,Гадаад төрх,"[""Буруу хариулт 1"",""Буруу хариулт 2"",""Буруу хариулт 3"",""Гадаад төрх""]",3,2025-03-24 02:24:14.924815+00,2025-03-24 02:24:14.924815+00
e0f56dee-ea37-4648-a660-4fba54f0de73,QQ008,359b66b1-4fc9-4c9b-a8b0-b5c52b75a507,オゾン層 үгийн зөв уншлагыг сонгоно уу:,おぞんそう,"[""かた"",""はな"",""みち"",""おぞんそう""]",8,2025-03-24 02:24:14.924815+00,2025-03-24 02:24:14.924815+00
e399d4b1-4e87-4bab-805b-c979e39cd1fe,QQ010,f758ff3a-4ce2-4c62-8a63-f762f509a2ee,四六時中 үгийн зөв уншлагыг сонгоно уу:,しろくじちゅう,"[""みち"",""しろくじちゅう"",""かた"",""はな""]",10,2025-03-24 02:24:14.924815+00,2025-03-24 02:24:14.924815+00
e4ebbfe6-7074-44c8-b072-b904bfc6b73c,QQ005,e9c4eb36-9e51-4fbf-b390-adc341902d84,体つき＜する＞ үгийн зөв уншлагыг сонгоно уу:,からだつき＜する＞,"[""からだつき＜する＞"",""はな"",""かた"",""みち""]",5,2025-03-24 02:24:14.924815+00,2025-03-24 02:24:14.924815+00
e5c3ec0a-86a1-48da-adcb-3e4ffe4f188b,QQ005,b4c40f03-98e8-4be1-9a28-8b5d26cdb7bb,かけがえのない () гэдэг үгийн утгыг сонгоно уу:,Үнэлж баршгүй,"[""Буруу хариулт 2"",""Буруу хариулт 1"",""Үнэлж баршгүй"",""Буруу хариулт 3""]",5,2025-03-24 02:24:14.924815+00,2025-03-24 02:24:14.924815+00
e683c010-9913-41ca-909d-c2bc989f0569,QQ006,c7bbaf55-6398-42a2-b5d8-4c15d95767ae,親交 (しんこう) гэдэг үгийн утгыг сонгоно уу:,Найрамдал,"[""Буруу хариулт 1"",""Буруу хариулт 2"",""Найрамдал"",""Буруу хариулт 3""]",6,2025-03-24 02:24:14.924815+00,2025-03-24 02:24:14.924815+00
e6a95245-1c17-43e4-97c5-fa0f3b4469f8,QQ001,675a0d1a-bd01-40e3-a952-1b4a4ecbe6fd,制作＜する＞ үгийн зөв уншлагыг сонгоно уу:,せいさく＜する＞,"[""かた"",""せいさく＜する＞"",""みち"",""はな""]",1,2025-03-24 02:24:14.924815+00,2025-03-24 02:24:14.924815+00
e6b7fa2a-ad50-4e02-83ef-2c1d9a57fb5c,QQ001,8961678e-47b3-431c-92b1-dcf7d98f0586,脅す (おどす) гэдэг үгийн утгыг сонгоно уу:,Сүрдүүлчих,"[""Буруу хариулт 1"",""Буруу хариулт 2"",""Сүрдүүлчих"",""Буруу хариулт 3""]",1,2025-03-24 02:24:14.924815+00,2025-03-24 02:24:14.924815+00
e88b7bda-4791-450f-a98b-05a38854465e,QQ010,aa20f3c4-079b-40ba-b7a6-6bc2b05ab5d2,山積み үгийн зөв уншлагыг сонгоно уу:,やまづみ,"[""やまづみ"",""みち"",""はな"",""かた""]",10,2025-03-24 02:24:14.924815+00,2025-03-24 02:24:14.924815+00
e8c78d8f-687a-4b43-a57c-496c93bd2694,QQ001,c962ec76-43d5-4414-9437-60bf295c12e9,明るい үгийн зөв уншлагыг сонгоно уу:,あかるい,"[""みち"",""はな"",""あかるい"",""かた""]",1,2025-03-24 02:24:14.924815+00,2025-03-24 02:24:14.924815+00
e90d997c-7698-454f-828e-acb4378f0ead,QQ009,8961678e-47b3-431c-92b1-dcf7d98f0586,不審＜な＞ (ふしん＜な＞) гэдэг үгийн утгыг сонгоно уу:,Сэжигтэй,"[""Сэжигтэй"",""Буруу хариулт 3"",""Буруу хариулт 1"",""Буруу хариулт 2""]",9,2025-03-24 02:24:14.924815+00,2025-03-24 02:24:14.924815+00
e9412a0e-aac3-48f1-98e6-a3c220c4f39c,QQ001,96eba5b0-5839-41b5-a635-c5f15e5678af,身内 үгийн зөв уншлагыг сонгоно уу:,みうち,"[""はな"",""かた"",""みうち"",""みち""]",1,2025-03-24 02:24:14.924815+00,2025-03-24 02:24:14.924815+00
e9e52ea7-b367-4b58-8031-d397647767e8,QQ009,3662b6a0-83cd-4d8a-87c5-71845409ff63,製造＜する＞ үгийн зөв уншлагыг сонгоно уу:,せいぞう＜する＞,"[""みち"",""はな"",""かた"",""せいぞう＜する＞""]",9,2025-03-24 02:24:14.924815+00,2025-03-24 02:24:14.924815+00
eadeb609-1972-442c-bba9-573431af686f,QQ004,102ba681-5927-4562-8748-c1248cb8c596,心掛ける (こころがける) гэдэг үгийн утгыг сонгоно уу:,"Санаж барих, тогтоох","[""Буруу хариулт 1"",""Санаж барих, тогтоох"",""Буруу хариулт 3"",""Буруу хариулт 2""]",4,2025-03-24 02:24:14.924815+00,2025-03-24 02:24:14.924815+00
ebdc208b-cce5-46d2-9767-81a195008747,QQ008,3ef10029-79d1-4a70-aa63-5db51093d756,おろそかな үгийн зөв уншлагыг сонгоно уу:,おろそかな,"[""はな"",""かた"",""おろそかな"",""みち""]",8,2025-03-24 02:24:14.924815+00,2025-03-24 02:24:14.924815+00
eddf99bd-6a13-4141-b016-bdf3470f203b,QQ003,06e41485-5ce7-4849-b7c5-a44e7b03f363,経歴 (けいれき) гэдэг үгийн утгыг сонгоно уу:,Ажлын түүх,"[""Буруу хариулт 1"",""Буруу хариулт 3"",""Буруу хариулт 2"",""Ажлын түүх""]",3,2025-03-24 02:24:14.924815+00,2025-03-24 02:24:14.924815+00
edf521fc-7cb6-4cf8-8299-82041a064513,QQ001,f758ff3a-4ce2-4c62-8a63-f762f509a2ee,家計 үгийн зөв уншлагыг сонгоно уу:,かけい,"[""はな"",""かけい"",""かた"",""みち""]",1,2025-03-24 02:24:14.924815+00,2025-03-24 02:24:14.924815+00
ee27cc85-bbf8-4f2d-9f9d-f5aae4c3a5db,QQ002,102ba681-5927-4562-8748-c1248cb8c596,買い込む (かいこむ) гэдэг үгийн утгыг сонгоно уу:,Худалдаж нөөцлөх,"[""Буруу хариулт 2"",""Буруу хариулт 1"",""Худалдаж нөөцлөх"",""Буруу хариулт 3""]",2,2025-03-24 02:24:14.924815+00,2025-03-24 02:24:14.924815+00
f01ba642-c918-43b6-b7d1-38551af9ec16,QQ002,8961678e-47b3-431c-92b1-dcf7d98f0586,脅す (おどす) гэдэг үгийн утгыг сонгоно уу:,Сүрдүүлчих,"[""Буруу хариулт 2"",""Буруу хариулт 1"",""Буруу хариулт 3"",""Сүрдүүлчих""]",2,2025-03-24 02:24:14.924815+00,2025-03-24 02:24:14.924815+00
f2a0ea1e-a5d9-4ded-915f-35e6672cd161,QQ007,a34b22ea-597b-46ef-9e50-e60d161a063b,体制 үгийн зөв уншлагыг сонгоно уу:,たいせい,"[""かた"",""たいせい"",""はな"",""みち""]",7,2025-03-24 02:24:14.924815+00,2025-03-24 02:24:14.924815+00
f3542c0a-6ecc-430f-9285-512fc7ba47a2,QQ009,a34b22ea-597b-46ef-9e50-e60d161a063b,不審＜な＞ үгийн зөв уншлагыг сонгоно уу:,ふしん＜な＞,"[""はな"",""かた"",""ふしん＜な＞"",""みち""]",9,2025-03-24 02:24:14.924815+00,2025-03-24 02:24:14.924815+00
f39b05fd-f69b-4581-9996-1fd54bdf6cf4,QQ008,f758ff3a-4ce2-4c62-8a63-f762f509a2ee,甘口＜な＞ үгийн зөв уншлагыг сонгоно уу:,あまくち＜な＞,"[""あまくち＜な＞"",""かた"",""みち"",""はな""]",8,2025-03-24 02:24:14.924815+00,2025-03-24 02:24:14.924815+00
f532835f-a7f2-4028-a28e-9566628b4f56,QQ001,23ebd392-a7da-4a8e-a264-65313e45190a,肺炎 (はいえん) гэдэг үгийн утгыг сонгоно уу:,Уушгины хатгалгаа,"[""Буруу хариулт 3"",""Буруу хариулт 2"",""Уушгины хатгалгаа"",""Буруу хариулт 1""]",1,2025-03-24 02:24:14.924815+00,2025-03-24 02:24:14.924815+00
f65fed49-0d2a-47e3-b267-75c261911b02,QQ003,5833f0cd-4f15-4de4-a2ed-184e462ce481,路線 (ろせん) гэдэг үгийн утгыг сонгоно уу:,Тээврийн маршрут,"[""Буруу хариулт 2"",""Буруу хариулт 3"",""Тээврийн маршрут"",""Буруу хариулт 1""]",3,2025-03-24 02:24:14.924815+00,2025-03-24 02:24:14.924815+00
f67e43f2-9c28-4ce0-8ffb-288e25b26f85,QQ008,e9c4eb36-9e51-4fbf-b390-adc341902d84,ばてる үгийн зөв уншлагыг сонгоно уу:,ばてる,"[""かた"",""ばてる"",""みち"",""はな""]",8,2025-03-24 02:24:14.924815+00,2025-03-24 02:24:14.924815+00
f68454dd-b917-4deb-9f52-93a3b9b635f5,QQ005,f758ff3a-4ce2-4c62-8a63-f762f509a2ee,味覚 үгийн зөв уншлагыг сонгоно уу:,みかく,"[""はな"",""かた"",""みち"",""みかく""]",5,2025-03-24 02:24:14.924815+00,2025-03-24 02:24:14.924815+00
f696e82f-46b2-4f1e-9239-d7b0ea878148,QQ008,ffb34e2e-66b4-4018-b241-b0ba13d8c750,見苦しい үгийн зөв уншлагыг сонгоно уу:,みぐるしい,"[""みぐるしい"",""みち"",""はな"",""かた""]",8,2025-03-24 02:24:14.924815+00,2025-03-24 02:24:14.924815+00
f7e89bd7-ba5a-4598-a794-a64ecbbecc49,QQ003,f758ff3a-4ce2-4c62-8a63-f762f509a2ee,終日 үгийн зөв уншлагыг сонгоно уу:,しゅうじつ,"[""はな"",""しゅうじつ"",""かた"",""みち""]",3,2025-03-24 02:24:14.924815+00,2025-03-24 02:24:14.924815+00
f989b255-c781-4bcd-9194-da01115b87f8,QQ009,ffb34e2e-66b4-4018-b241-b0ba13d8c750,軽快な үгийн зөв уншлагыг сонгоно уу:,けいかいな,"[""はな"",""かた"",""みち"",""けいかいな""]",9,2025-03-24 02:24:14.924815+00,2025-03-24 02:24:14.924815+00
fa09cb9b-4cd6-4447-bf86-b9d45361cdb6,QQ010,06e41485-5ce7-4849-b7c5-a44e7b03f363,外資系企業 (がいしけいきぎょう) гэдэг үгийн утгыг сонгоно уу:,Гадаадын холбоотой компани,"[""Буруу хариулт 1"",""Буруу хариулт 3"",""Буруу хариулт 2"",""Гадаадын холбоотой компани""]",10,2025-03-24 02:24:14.924815+00,2025-03-24 02:24:14.924815+00
fd28f0ad-9df5-4c3c-9200-b840e8b01c0a,QQ008,8961678e-47b3-431c-92b1-dcf7d98f0586,不審＜な＞ (ふしん＜な＞) гэдэг үгийн утгыг сонгоно уу:,Сэжигтэй,"[""Сэжигтэй"",""Буруу хариулт 1"",""Буруу хариулт 2"",""Буруу хариулт 3""]",8,2025-03-24 02:24:14.924815+00,2025-03-24 02:24:14.924815+00
ff1178da-8068-4062-b2f3-b81b75d599d9,QQ004,675a0d1a-bd01-40e3-a952-1b4a4ecbe6fd,くすくす үгийн зөв уншлагыг сонгоно уу:,くすくす,"[""はな"",""みち"",""かた"",""くすくす""]",4,2025-03-24 02:24:14.924815+00,2025-03-24 02:24:14.924815+00
ff6776a3-98e2-4331-aa10-8bd516914dfc,QQ007,98c8b668-1855-4657-b50a-abe3b0cefda0,編む (あむ) гэдэг үгийн утгыг сонгоно уу:,Сүлжих,"[""Буруу хариулт 3"",""Буруу хариулт 2"",""Сүлжих"",""Буруу хариулт 1""]",7,2025-03-24 02:24:14.924815+00,2025-03-24 02:24:14.924815+00